"V1","V2","V3","V4","V5"
23,24,25,26,27
25,26,27,28,29
37,38,39,40,41
27,28,29,30,31
18,19,20,21,22
11,12,13,14,15
19,20,21,22,23
15,16,17,18,19
34,35,36,37,38
12,13,14,15,16
40,41,42,43,44
31,32,33,34,35
21,22,23,24,25
28,29,30,31,32
36,37,38,39,40
29,30,31,32,33
21,22,23,24,25
41,42,43,44,45
37,38,39,40,41
27,28,29,30,31
20,21,22,23,24
5,6,7,8,9
18,19,20,21,22
22,23,24,25,26
18,19,20,21,22
27,28,29,30,31
29,30,31,32,33
31,32,33,34,35
19,20,21,22,23
34,35,36,37,38
5,6,7,8,9
6,7,8,9,10
30,31,32,33,34
27,28,29,30,31
28,29,30,31,32
10,11,12,13,14
39,40,41,42,43
27,28,29,30,31
10,11,12,13,14
19,20,21,22,23
11,12,13,14,15
6,7,8,9,10
34,35,36,37,38
31,32,33,34,35
20,21,22,23,24
15,16,17,18,19
34,35,36,37,38
9,10,11,12,13
6,7,8,9,10
27,28,29,30,31
6,7,8,9,10
38,39,40,41,42
20,21,22,23,24
37,38,39,40,41
35,36,37,38,39
36,37,38,39,40
22,23,24,25,26
9,10,11,12,13
19,20,21,22,23
26,27,28,29,30
19,20,21,22,23
36,37,38,39,40
7,8,9,10,11
28,29,30,31,32
27,28,29,30,31
28,29,30,31,32
30,31,32,33,34
18,19,20,21,22
15,16,17,18,19
33,34,35,36,37
40,41,42,43,44
36,37,38,39,40
7,8,9,10,11
5,6,7,8,9
4,5,6,7,8
40,41,42,43,44
20,21,22,23,24
19,20,21,22,23
20,21,22,23,24
12,13,14,15,16
5,6,7,8,9
21,22,23,24,25
37,38,39,40,41
8,9,10,11,12
31,32,33,34,35
12,13,14,15,16
39,40,41,42,43
17,18,19,20,21
35,36,37,38,39
16,17,18,19,20
11,12,13,14,15
7,8,9,10,11
18,19,20,21,22
20,21,22,23,24
39,40,41,42,43
11,12,13,14,15
10,11,12,13,14
2,3,4,5,6
13,14,15,16,17
31,32,33,34,35
23,24,25,26,27
7,8,9,10,11
