ELKI,x,y,Forest_100,Forest_200,Forest_300,Forest_400,Forest_500,Forest_600,Forest_700,Forest_800,Forest_900,Forest_1000,Forest_1100,Forest_1200,Grass_100,Grass_200,Grass_300,Grass_400,Grass_500,Grass_600,Grass_700,Grass_800,Grass_900,Grass_1000,Grass_1100,Grass_1200,Water_100,Water_200,Water_300,Water_400,Water_500,Water_600,Water_700,Water_800,Water_900,Water_1000,Water_1100,Water_1200,PREC_100,PREC_200,PREC_300,PREC_400,PREC_500,PREC_600,PREC_700,PREC_800,PREC_900,PREC_1000,PREC_1100,PREC_1200
1,479077.3706,3505989.115,0,0,0,0,0,0,0,0,0,0,0,0,0,0,0.009463722,0.018083183,0.014823261,0.013524264,0.009947338,0.007613077,0.006026232,0.004850214,0.004280618,0.004975124,0,0,0,0,0,0,0,0,0,0,0,0,405.1597636,405.1597568,405.1597551,405.160393,405.1756166,405.2169753,405.2822375,405.373062,405.4872359,405.626959,405.7710474,405.93922
0,477997.3706,3520629.115,0,0,0,0,0,0,0,0,0,0.001141227,0.000951249,0.00079602,0,0,0,0,0.015963512,0.020684169,0.0187244,0.014330497,0.011343495,0.009129815,0.007609988,0.006567164,0.108108108,0.02919708,0.012618297,0.007233273,0.004561003,0.00318218,0.00234055,0.001791312,0.001417937,0.001141227,0.000951249,0.00079602,484.1651537,484.0259341,483.8000379,483.5750307,483.3202822,483.0523185,482.7424981,482.3966898,482.030185,481.6151255,481.1863711,480.6849233
1,531037.3706,3516369.115,0,0,0,0,0,0,0,0,0,0,0,0,1,1,0.996845426,0.960216998,0.931584949,0.922036595,0.925102399,0.923421406,0.925912797,0.930099857,0.936504162,0.941492537,0,0,0,0,0,0,0,0,0,0,0,0,421.5225352,421.4995888,421.451586,421.3895958,421.3113646,421.2313768,421.1469711,421.0603504,420.9740286,420.8863368,420.8087156,420.7332306
1,531697.3706,3514059.115,0,0,0,0,0,0,0,0,0,0,0,0,0.675675676,0.912408759,0.958990536,0.965641953,0.93386545,0.926809865,0.920421299,0.905508285,0.874512584,0.839087019,0.814268728,0.802587065,0,0,0,0,0,0,0,0,0,0,0,0,413.5825542,413.5805711,413.5718991,413.5613633,413.5499179,413.5395545,413.5312775,413.5253259,413.5216341,413.5196418,413.5176089,413.5146741
0,536017.3706,3514059.115,0,0,0,0,0,0,0,0,0,0,0,0,0.243243243,0.299270073,0.369085174,0.428571429,0.498289624,0.555290374,0.562317145,0.566054635,0.567883729,0.565477889,0.565279429,0.570945274,0,0,0,0,0,0,0,0,0,0,0,0,391.3192675,391.319266,391.3192605,391.3198636,391.3271028,391.3402034,391.3573277,391.3759323,391.394601,391.4136031,391.4297474,391.4433353
1,534337.3706,3517029.115,0,0.02919708,0.041009464,0.043399638,0.031927024,0.022275259,0.01638385,0.012539185,0.009925558,0.007988588,0.00665874,0.005572139,0.216216216,0.416058394,0.533123028,0.596745027,0.654503991,0.685759745,0.721474547,0.741155396,0.766040411,0.786875892,0.8,0.818109453,0,0.02189781,0.041009464,0.032549729,0.020524515,0.014319809,0.010532475,0.008060905,0.006380716,0.005135521,0.004280618,0.00358209,402.5847877,402.5847854,402.5847831,402.5851902,402.5953532,402.6182804,402.6529332,402.69482,402.7416089,402.7940975,402.8443816,402.899034
1,537217.3706,3510699.115,0,0,0,0,0,0,0,0,0,0,0,0,0.513513514,0.722627737,0.785488959,0.775768535,0.738882554,0.680986476,0.641895846,0.625167936,0.610067352,0.601141227,0.600237812,0.611144279,0,0,0,0,0,0,0,0,0,0,0,0,389.3108174,389.2901634,389.2284197,389.1555847,389.0703063,388.9857772,388.9011254,388.8200074,388.7473114,388.6790371,388.6169804,388.5499637
1,536227.3706,3506949.115,0,0,0,0,0,0,0,0,0,0,0,0,0.810810811,0.897810219,0.921135647,0.934900542,0.949828962,0.950676213,0.942656524,0.921182266,0.910315491,0.878174037,0.846373365,0.819701493,0,0,0,0,0,0,0,0,0,0,0,0,404.5633966,404.5563735,404.5415209,404.5183062,404.4788605,404.4327863,404.383302,404.3370999,404.2971163,404.2606741,404.2303313,404.2028951
1,537907.3706,3505059.115,0,0,0,0,0,0,0,0,0,0,0,0,0.864864865,0.96350365,0.984227129,0.962025316,0.898517674,0.85043755,0.81451141,0.78817734,0.768167317,0.732667618,0.707966706,0.675422886,0,0,0,0,0,0,0,0,0,0,0,0,412.0934687,412.0800051,412.0654387,412.0503222,412.0180612,411.9706349,411.9137379,411.8507325,411.783154,411.7079611,411.6331332,411.5493584
0,540847.3706,3511389.115,0,0,0,0,0,0,0,0,0,0,0,0,0.432432432,0.518248175,0.627760252,0.663652803,0.675028506,0.678599841,0.695728496,0.722794447,0.728110599,0.737232525,0.733412604,0.730945274,0,0,0,0,0,0,0,0,0,0,0,0,371.4223979,371.4223958,371.419794,371.4131059,371.4054564,371.403812,371.4135817,371.4378882,371.4753364,371.5262694,371.580819,371.6453321
0,537337.3706,3513939.115,0,0,0,0,0,0,0,0,0,0,0,0,0.405405405,0.525547445,0.577287066,0.593128391,0.55986317,0.584725537,0.606202458,0.618898343,0.632754342,0.635092725,0.631629013,0.630845771,0,0,0,0,0,0,0,0,0,0,0,0,385.1016409,385.1016391,385.0976396,385.0739624,385.0370877,384.9975636,384.9666531,384.9466327,384.9360612,384.9326651,384.9349056,384.9424911
1,537967.3706,3516399.115,0,0,0,0,0,0,0,0,0,0,0,0,0.621621622,0.437956204,0.422712934,0.367088608,0.340935006,0.31344471,0.310708016,0.291983878,0.289259128,0.274750357,0.259453032,0.250348259,0,0,0,0,0,0,0.000585138,0.006269592,0.020914569,0.035378031,0.040428062,0.044577114,385.8090441,385.8149454,385.8270379,385.8400471,385.8555526,385.8713692,385.8875942,385.9058497,385.9259949,385.9473191,385.9677629,385.9902051
1,539167.3706,3518949.115,0,0,0,0,0,0,0,0,0,0,0,0,0.486486486,0.357664234,0.264984227,0.227848101,0.256556442,0.293556086,0.335868929,0.354679803,0.381425027,0.410841655,0.43020214,0.44358209,0,0,0,0,0,0.005568815,0.008191925,0.010747873,0.010280043,0.008273894,0.006896552,0.007164179,384.7392322,384.7392331,384.7390343,384.7223496,384.677711,384.6175237,384.5492824,384.478359,384.4083805,384.3373038,384.2752382,384.2145063
1,539677.3706,3523719.115,0,0.01459854,0.006309148,0.003616637,0.005701254,0.005568815,0.004095963,0.003134796,0.00248139,0.001997147,0.001664685,0.001393035,0.351351351,0.364963504,0.38170347,0.424954792,0.45381984,0.490055688,0.532475132,0.55575459,0.565756824,0.570328103,0.580261593,0.580895522,0.297297297,0.452554745,0.47318612,0.459312839,0.441277081,0.406523469,0.365125805,0.323779669,0.28855016,0.255920114,0.230677765,0.20358209,391.3585914,391.3581492,391.3502416,391.3385259,391.3243747,391.3098152,391.2950449,391.2788324,391.2588686,391.233216,391.2049958,391.1696179
1,541057.3706,3526449.115,0,0,0,0,0,0,0,0,0,0,0.000475624,0.000995025,0,0,0,0,0,0.003977725,0.004095963,0.018360949,0.037929812,0.055920114,0.072057075,0.087164179,0.702702703,0.547445255,0.362776025,0.256781193,0.193842645,0.15433572,0.132241077,0.113300493,0.101028004,0.089871612,0.082045184,0.074029851,378.5790512,378.5052684,378.3831926,378.232194,378.051622,377.8712856,377.6894343,377.5171704,377.3935434,377.3383629,377.3477561,377.4130484
0,547717.3706,3514089.115,0,0,0,0,0,0,0,0.001343484,0.003899326,0.003138374,0.004280618,0.004179104,0.540540541,0.708029197,0.750788644,0.768535262,0.792474344,0.805887033,0.801053248,0.776981639,0.731300957,0.692724679,0.670154578,0.635223881,0,0,0,0,0,0,0,0,0,0,0,0,390.7857493,390.7857468,390.7857447,390.7846399,390.7796818,390.7853418,390.7989078,390.8116195,390.8238214,390.8352564,390.8456384,390.8568675
1,547987.3706,3505149.115,0,0,0,0,0,0,0.008191925,0.010747873,0.012761432,0.016547789,0.020927467,0.022686567,0.567567568,0.620437956,0.542586751,0.533453888,0.539338655,0.521081941,0.501462844,0.487684729,0.47146402,0.474179743,0.46706302,0.471044776,0,0,0,0,0,0,0,0,0,0,0,0,414.585257,414.5852588,414.6153179,414.6939903,414.8147562,414.9518995,415.099204,415.2403384,415.3643307,415.4712905,415.541334,415.5746866
1,552727.3706,3505269.115,0,0,0,0,0,0.012728719,0.012287888,0.009404389,0.007444169,0.005991441,0.0078478,0.007562189,0,0,0,0.108499096,0.181299886,0.215592681,0.22761849,0.229735781,0.206309819,0.181455064,0.162663496,0.150447761,0,0,0,0,0,0,0,0,0,0,0,0,404.9444696,404.9444707,404.9135804,404.8310361,404.7193715,404.5997102,404.4844349,404.3870075,404.295948,404.2014129,404.1063865,403.9928356
0,552877.3706,3508329.115,0,0,0,0,0,0,0,0,0,0,0,0,0.27027027,0.510948905,0.627760252,0.694394213,0.745724059,0.794749403,0.824458748,0.831616659,0.814250266,0.776034237,0.741022592,0.711044776,0.027027027,0.00729927,0.003154574,0.001808318,0.001140251,0.000795545,0.000585138,0.000447828,0.000354484,0.000285307,0.000237812,0.000199005,391.1182441,391.2420855,391.4291379,391.6127329,391.8182453,392.0165471,392.2129821,392.4143606,392.6190304,392.8442361,393.068884,393.3251901
1,552037.3706,3509079.115,0,0,0,0,0,0,0,0,0,0,0,0,0.594594595,0.729927007,0.80126183,0.831826401,0.815279361,0.797136038,0.782913985,0.759068518,0.739454094,0.711554922,0.680856124,0.662089552,0,0,0,0,0,0,0,0,0,0,0.001664685,0.003781095,392.5624447,392.6278043,392.7348925,392.8420766,392.9638339,393.0828569,393.201698,393.3254431,393.452006,393.603206,393.7686687,393.9706054
1,548677.3706,3515589.115,0,0,0,0,0.035347777,0.051710422,0.053832651,0.066726377,0.069478908,0.082453638,0.112485137,0.118606965,0,0,0.006309148,0.047016275,0.084378563,0.116149562,0.142188414,0.162113748,0.170152428,0.164907275,0.163852556,0.168358209,0,0,0,0,0,0,0,0,0,0,0,0,399.260291,399.1964851,399.1309875,399.1124712,399.1157903,399.1373534,399.1926994,399.2751205,399.3806074,399.508737,399.6337119,399.7811474
0,547237.3706,3512979.115,0,0,0,0,0,0,0,0,0,0,0,0.000995025,0,0.240875912,0.375394322,0.508137432,0.606613455,0.6849642,0.737273259,0.731751008,0.723502304,0.724393723,0.724613555,0.72238806,0,0,0,0,0,0,0,0,0,0,0,0,385.3100446,385.3135077,385.3282813,385.3455312,385.3638701,385.3803265,385.3955335,385.4076546,385.4169934,385.4275135,385.4420486,385.4631568
1,545857.3706,3493299.115,0,0.00729927,0.012618297,0.007233273,0.004561003,0.00318218,0.00234055,0.001791312,0.002126905,0.005135521,0.004280618,0.00358209,0.405405405,0.423357664,0.552050473,0.609403255,0.62713797,0.62052506,0.608543008,0.614420063,0.595533499,0.561483595,0.550535077,0.546467662,0,0,0,0,0,0,0,0,0,0,0,0,415.2076936,415.2586833,415.3412883,415.4267539,415.5227462,415.6151671,415.7067869,415.7990638,415.8897643,415.9844813,416.0751388,416.1808488
1,544837.3706,3492279.115,0,0,0,0,0,0,0.00234055,0.009404389,0.010634527,0.013124108,0.020689655,0.023283582,0.054054054,0.124087591,0.214511041,0.168173599,0.169897377,0.181384248,0.190754827,0.193013883,0.194966324,0.199429387,0.2156956,0.23641791,0.081081081,0.03649635,0.034700315,0.037974684,0.041049031,0.043754972,0.040374488,0.032243618,0.025522864,0.020542083,0.017122473,0.014328358,430.5169307,430.5169332,430.5168337,430.5190461,430.5230674,430.5283304,430.5397561,430.5567625,430.5771779,430.6012906,430.6258434,430.6564177
0,546427.3706,3488889.115,0.108108108,0.116788321,0.123028391,0.139240506,0.145952109,0.190135243,0.212990053,0.210479176,0.218007799,0.218544936,0.216409037,0.209154229,0,0,0.078864353,0.126582278,0.13340935,0.141607001,0.140433002,0.139274519,0.146401985,0.15149786,0.165041617,0.174129353,0.054054054,0.131386861,0.126182965,0.099457505,0.086659065,0.07557677,0.066705676,0.05687416,0.046082949,0.037089872,0.032104637,0.030646766,439.8564577,439.8636049,439.876074,439.8996027,439.9309572,439.9613759,439.977056,439.9770239,439.96438,439.9411277,439.912916,439.8777255
1,548617.3706,3489549.115,0,0.01459854,0.034700315,0.04159132,0.049030787,0.046937152,0.042129901,0.037617555,0.034030486,0.039372325,0.034244946,0.030447761,0,0.04379562,0.100946372,0.09403255,0.087799316,0.071599045,0.074897601,0.112852665,0.147819922,0.165192582,0.196432818,0.207960199,0,0,0,0,0,0,0,0,0,0,0.001426873,0.00278607,434.354545,434.3545472,434.3535324,434.3513351,434.3561838,434.3733828,434.4001709,434.43101,434.4640775,434.4999522,434.5322888,434.5631258
0,541297.3706,3486819.115,0.027027027,0.00729927,0.006309148,0.005424955,0.004561003,0.003977725,0.008777063,0.011643529,0.021978022,0.043081312,0.053507729,0.058905473,0,0,0,0,0.001140251,0.009546539,0.008191925,0.007165249,0.005671748,0.005420827,0.005231867,0.008557214,0,0,0,0,0,0,0,0,0,0,0,0,469.4341233,469.4398095,469.4299475,469.4063025,469.3741169,469.3390191,469.300175,469.2515758,469.192203,469.1184119,469.0373622,468.9372194
0,541897.3706,3486099.115,0.081081081,0.065693431,0.085173502,0.133815552,0.13340935,0.132060461,0.156231714,0.187639946,0.212336051,0.243651926,0.248989298,0.248557214,0,0,0,0.003616637,0.007981756,0.008750994,0.012287888,0.012987013,0.010280043,0.008273894,0.006896552,0.007960199,0,0,0,0,0,0,0,0,0,0,0,0,466.406198,466.3616217,466.3006784,466.2427041,466.1782149,466.11653,466.0557426,465.9934644,465.9287556,465.8616492,465.7990468,465.7300121
1,542167.3706,3483939.115,0.054054054,0.131386861,0.293375394,0.350813743,0.362599772,0.361972951,0.349327092,0.338557994,0.31371854,0.302425107,0.294649227,0.294527363,0.432432432,0.437956204,0.296529968,0.253164557,0.206385405,0.198090692,0.18548859,0.175100761,0.164835165,0.160912981,0.160523187,0.169950249,0,0,0,0,0,0,0,0,0,0,0,0,461.5708494,461.5708485,461.5723642,461.5743136,461.5757158,461.5762024,461.577898,461.580288,461.5820144,461.5833213,461.5839491,461.5846228
1,540877.3706,3482889.115,0.081081081,0.175182482,0.132492114,0.095840868,0.082098062,0.076372315,0.076067876,0.063591581,0.060616803,0.057346648,0.062068966,0.067263682,0.486486486,0.459854015,0.460567823,0.535262206,0.582668187,0.604614161,0.612053833,0.596059113,0.582417582,0.577175464,0.576218787,0.574527363,0,0,0,0,0,0,0,0,0,0,0,0,454.553574,454.5535719,454.553675,454.5619672,454.5802249,454.6040505,454.634679,454.670452,454.7094949,454.752565,454.7936439,454.8388164
1,544717.3706,3483279.115,0.702702703,0.781021898,0.753943218,0.712477396,0.65336374,0.583929992,0.548858982,0.505150022,0.457993619,0.417403709,0.413079667,0.420298507,0,0.01459854,0.050473186,0.081374322,0.100342075,0.108989658,0.122293739,0.133900582,0.137539879,0.140941512,0.130796671,0.114825871,0,0,0,0,0,0,0,0,0,0,0,0,467.8082193,467.7479355,467.6817989,467.6219507,467.5475272,467.4621724,467.3669079,467.2651635,467.1613357,467.0507036,466.941221,466.8168956
1,546277.3706,3483279.115,0.72972973,0.759124088,0.760252366,0.75045208,0.762827822,0.76531424,0.726155647,0.696372593,0.674228997,0.660485021,0.652318668,0.64318408,0,0,0,0,0,0,0.015798713,0.031347962,0.036157391,0.038516405,0.041617122,0.048557214,0,0,0,0,0,0,0,0,0,0,0,0,468.1976854,468.175558,468.1515576,468.129906,468.1066892,468.0861281,468.0670424,468.047614,468.0285863,468.0086162,467.985948,467.9567434
1,547477.3706,3482049.115,0.648648649,0.547445255,0.599369085,0.632911392,0.705815279,0.748607796,0.758923347,0.776085983,0.767812832,0.748359486,0.747205707,0.731940299,0,0,0,0,0,0.00318218,0.002925688,0.00223914,0.001772421,0.001426534,0.001664685,0.002189055,0,0,0,0,0,0,0,0,0,0,0,0,476.9958183,476.9702601,476.9419628,476.9161709,476.8864959,476.8568468,476.8245884,476.7829234,476.7323209,476.6671072,476.5959609,476.5100549
1,548377.3706,3482979.115,0.243243243,0.321167883,0.463722397,0.513562387,0.537058153,0.558472554,0.602691633,0.61038961,0.604395604,0.618259629,0.621403092,0.623283582,0,0.094890511,0.063091483,0.037974684,0.02622577,0.027048528,0.029842013,0.026869682,0.024104927,0.019400856,0.018549346,0.016915423,0,0,0,0,0,0,0,0,0,0,0,0,471.6989829,471.6942228,471.684972,471.6779328,471.674929,471.6749177,471.6762874,471.6721737,471.6563589,471.6276776,471.5928285,471.5495792
0,552067.3706,3499629.115,0,0,0,0,0,0.00159109,0.001755413,0.001343484,0.001063453,0.00171184,0.002853746,0.004179104,0,0.03649635,0.123028391,0.168173599,0.217787913,0.250596659,0.268578116,0.282131661,0.297057781,0.316405136,0.332223543,0.337114428,0.459459459,0.364963504,0.255520505,0.200723327,0.160775371,0.128082737,0.120538327,0.117778773,0.113080468,0.102710414,0.096313912,0.087164179,361.5844768,361.5700806,361.5432529,361.5198941,361.5029874,361.4958616,361.4983221,361.5180074,361.5509121,361.5960844,361.6473631,361.7108827
1,554947.3706,3500019.115,0,0,0,0,0,0,0,0,0,0,0.000237812,0.000199005,0.027027027,0.04379562,0.044164038,0.115732369,0.192702395,0.252983294,0.295494441,0.332736229,0.359447005,0.37660485,0.391200951,0.390646766,0,0,0,0,0,0,0,0,0,0,0,0,345.379303,345.4407353,345.5393658,345.637695,345.7566481,345.8846141,346.0210208,346.16408,346.3081583,346.4594084,346.6011808,346.7519768
1,556747.3706,3499809.115,0.297297297,0.131386861,0.066246057,0.039783002,0.033067275,0.028639618,0.027501463,0.02507837,0.023395959,0.020542083,0.018787158,0.015721393,0.162162162,0.277372263,0.406940063,0.428571429,0.376282782,0.30867144,0.274429491,0.267801164,0.252392769,0.235663338,0.224019025,0.211343284,0,0,0.006309148,0.016274864,0.014823261,0.010342084,0.007606788,0.005821764,0.004608295,0.003708987,0.003091558,0.002587065,339.3189491,339.3365198,339.4664711,339.6385954,339.8394705,340.0367199,340.2330493,340.4224589,340.6004374,340.7748385,340.9281029,341.0855923
0,542737.3706,3481719.115,0,0,0.03785489,0.057866184,0.077537058,0.110580748,0.123464014,0.129422302,0.123006026,0.110984308,0.108442331,0.12119403,0.135135135,0.379562044,0.406940063,0.390596745,0.34663626,0.337311058,0.349912229,0.382445141,0.417936902,0.44935806,0.456599287,0.437412935,0,0,0,0,0,0,0,0,0,0,0,0,455.1303389,455.1440427,455.1589992,455.1742945,455.1952643,455.2178233,455.2407617,455.2619122,455.2831975,455.3084115,455.3351494,455.3671144
1,540037.3706,3470229.115,0,0.01459854,0.012618297,0.007233273,0.004561003,0.00318218,0.008191925,0.007613077,0.0067352,0.005420827,0.00451843,0.003781095,0.783783784,0.664233577,0.608832808,0.585895118,0.603192702,0.62211615,0.644236396,0.68114644,0.690535271,0.708416548,0.735552913,0.760597015,0.216216216,0.284671533,0.283911672,0.276672694,0.215507412,0.177406523,0.148039789,0.130765786,0.138248848,0.135235378,0.122235434,0.107860697,432.0228758,432.0238892,432.0256732,432.0275533,432.033368,432.0465009,432.0658337,432.0888616,432.1146181,432.1438364,432.1726622,432.2051276
1,540457.3706,3474429.115,0,0,0,0,0,0,0,0,0,0,0,0,1,1,0.984227129,0.949367089,0.945267959,0.925218775,0.911644236,0.917599642,0.910315491,0.892439372,0.882996433,0.876616915,0,0,0,0,0,0,0,0,0.000708968,0.009700428,0.012604043,0.011144279,436.2079979,436.2194619,436.2345085,436.2486494,436.264561,436.2799332,436.2950284,436.3106017,436.3271426,436.3469324,436.3680615,436.3931261
1,541987.3706,3476949.115,0,0,0,0,0,0,0.005266238,0.005821764,0.004608295,0.005135521,0.009512485,0.011741294,0.945945946,0.912408759,0.914826498,0.934900542,0.913340935,0.906125696,0.881217086,0.875951635,0.879475363,0.87617689,0.852794293,0.831243781,0,0,0,0,0,0,0,0,0,0,0,0.001791045,439.8652938,439.8709296,439.8953136,439.9295803,439.9716566,440.0148724,440.0595683,440.1061469,440.1557032,440.2153152,440.2778277,440.3513512
1,538927.3706,3480279.115,0,0,0,0,0,0,0,0,0,0,0,0,0.783783784,0.715328467,0.687697161,0.65641953,0.681870011,0.69769292,0.719719134,0.763546798,0.780928749,0.789158345,0.796432818,0.804179104,0,0.00729927,0.094637224,0.088607595,0.057012543,0.039777247,0.029256875,0.023287058,0.021978022,0.021968616,0.021878716,0.018706468,445.7922528,445.7929171,445.7992553,445.8104709,445.8249028,445.8401928,445.8564908,445.8770185,445.9006552,445.9277698,445.9560971,445.9899253
1,533617.3706,3480849.115,0,0,0,0,0,0,0.003510825,0.008956561,0.015242822,0.019686163,0.029250892,0.037810945,0.648648649,0.569343066,0.599369085,0.575045208,0.538198404,0.542561655,0.559391457,0.540528437,0.533498759,0.536376605,0.550059453,0.565373134,0,0,0,0,0,0,0,0,0,0,0,0,458.3937733,458.3937757,458.3937756,458.3935698,458.3884058,458.3749387,458.3606201,458.3476891,458.3366059,458.3274831,458.3209785,458.3162811
0,533617.3706,3476529.115,0.162162162,0.167883212,0.19873817,0.200723327,0.156214367,0.14638027,0.17378584,0.180474698,0.160935838,0.1489301,0.141498216,0.133532338,0.837837838,0.635036496,0.615141956,0.556962025,0.578107184,0.564041368,0.539496782,0.520824004,0.524991138,0.536091298,0.539595719,0.544875622,0,0,0,0,0,0,0,0,0,0,0,0,461.5395928,461.5395933,461.5373179,461.5261851,461.5094277,461.4909425,461.4714499,461.4501268,461.4264524,461.3996007,461.3730463,461.343199
1,539347.3706,3472329.115,0,0,0,0,0,0,0,0,0,0,0,0,1,1,0.974763407,0.91681736,0.912200684,0.908512331,0.902867174,0.908195253,0.911024459,0.913552068,0.913198573,0.908457711,0,0,0.025236593,0.066907776,0.0672748,0.066825776,0.067875951,0.062248097,0.058489897,0.054493581,0.053983353,0.055522388,433.6703104,433.670336,433.6709847,433.6773116,433.6895042,433.7053963,433.7266581,433.7519803,433.7801032,433.8114894,433.8419886,433.8765547
1,543127.3706,3472179.115,0.135135135,0.240875912,0.167192429,0.184448463,0.142531357,0.144789181,0.119953189,0.095835199,0.08224034,0.078174037,0.070868014,0.065074627,0.783783784,0.576642336,0.583596215,0.582278481,0.591790194,0.568814638,0.57519017,0.618002687,0.627791563,0.620827389,0.638287753,0.647960199,0,0,0,0,0,0,0,0,0,0,0,0,440.0300243,440.0272872,440.0243332,440.0210152,440.0136219,440.004024,439.9930146,439.9809161,439.9681283,439.9540784,439.9395324,439.9224233
0,545497.3706,3474699.115,0,0.01459854,0.09148265,0.101265823,0.131128848,0.126491647,0.138677589,0.136139722,0.129386742,0.134094151,0.123424495,0.114626866,0.783783784,0.664233577,0.533123028,0.517179024,0.515393387,0.503579952,0.478057343,0.47156292,0.463310883,0.45363766,0.466825208,0.487562189,0,0,0,0,0,0,0,0,0,0,0,0,448.8502321,448.85023,448.850157,448.8496373,448.8508556,448.8525774,448.8544073,448.8592663,448.8680474,448.8806157,448.8949331,448.9130091
0,545077.3706,3477909.115,0.459459459,0.357664234,0.242902208,0.211573237,0.184720639,0.180588703,0.177881802,0.193013883,0.18291386,0.171754636,0.161712247,0.153432836,0.189189189,0.204379562,0.283911672,0.305605787,0.335233751,0.337311058,0.332358104,0.326914465,0.315136476,0.310984308,0.311533888,0.308656716,0,0,0,0,0,0,0,0,0,0,0,0,455.226485,455.2472147,455.278258,455.310307,455.3467133,455.3819369,455.4168543,455.4526881,455.4903253,455.5322245,455.5732717,455.6183963
0,545077.3706,3480009.115,0,0.02919708,0.100946372,0.122965642,0.137970353,0.151949085,0.153306027,0.141513659,0.128677774,0.128958631,0.140309156,0.160199005,0.108108108,0.277372263,0.321766562,0.347197107,0.368301026,0.341288783,0.320655354,0.324227497,0.321517192,0.305278174,0.288941736,0.273034826,0,0,0,0,0,0,0,0,0,0,0,0,461.6852095,461.6976098,461.7135605,461.7284842,461.7447746,461.7584162,461.7701466,461.7822373,461.7968414,461.8185144,461.8454203,461.8802719
1,551767.3706,3476949.115,0,0.03649635,0.167192429,0.224231465,0.236031927,0.225934765,0.217671153,0.248096731,0.275788727,0.310699001,0.318906064,0.319800995,0,0.00729927,0.003154574,0.001808318,0.001140251,0.002386635,0.010532475,0.017913121,0.032612549,0.043081312,0.053745541,0.070248756,1,0.781021898,0.567823344,0.444846293,0.348916762,0.292760541,0.23698069,0.191670399,0.155618575,0.126676177,0.109869203,0.093134328,479.0992811,479.1025455,479.1128334,479.1260786,479.1434197,479.1627629,479.1855406,479.2100411,479.2343418,479.2576983,479.2769534,479.2955975
1,553297.3706,3476799.115,0.324324324,0.423357664,0.454258675,0.394213382,0.377423033,0.38743039,0.416032768,0.39856695,0.375044311,0.334664765,0.310344828,0.310447761,0,0.02919708,0.022082019,0.023508137,0.042189282,0.043754972,0.042715038,0.039856695,0.036157391,0.034522111,0.033769322,0.038208955,0,0,0,0,0,0,0,0.000895656,0.004962779,0.016547789,0.021403092,0.024079602,482.9301172,482.9016389,482.8620282,482.8011003,482.7225539,482.6417206,482.5639685,482.4921979,482.4276025,482.366955,482.318195,482.2758208
1,477307.3706,3478719.115,0.162162162,0.087591241,0.056782334,0.034358047,0.021664766,0.015115354,0.011117613,0.016569637,0.016660759,0.013409415,0.016409037,0.017512438,0.297297297,0.416058394,0.485804416,0.506329114,0.529076397,0.568019093,0.58221182,0.577250336,0.576745835,0.571754636,0.556718193,0.532338308,0,0,0,0,0,0,0,0,0,0,0,0,493.8157373,493.809765,493.7717204,493.7724484,493.8177553,493.8954539,494.0121869,494.1552761,494.3114892,494.476165,494.6270605,494.7951804
0,476467.3706,3480969.115,0,0,0,0,0.003420753,0.009546539,0.022235225,0.024182714,0.022332506,0.027960057,0.028537455,0.030447761,0.378378378,0.481751825,0.567823344,0.540687161,0.472063854,0.422434368,0.40140433,0.387371249,0.360155973,0.335235378,0.301070155,0.28278607,0,0,0,0,0,0,0,0,0,0,0,0,502.6306474,502.6306482,502.6638292,502.7885925,502.985113,503.2237034,503.4849344,503.7548737,504.0247549,504.3040412,504.5619074,504.8356597
1,476707.3706,3483489.115,0,0,0,0.001808318,0.005701254,0.008750994,0.006436513,0.010747873,0.017724211,0.019400856,0.01902497,0.023482587,0.081081081,0.116788321,0.167192429,0.204339964,0.232611174,0.241050119,0.248098303,0.231527094,0.220843672,0.205991441,0.193103448,0.184676617,0.081081081,0.02189781,0.009463722,0.005424955,0.003420753,0.002386635,0.001755413,0.001343484,0.001063453,0.00085592,0.000713436,0.000597015,506.7134944,506.7134965,506.7134415,506.7060477,506.6951927,506.6960882,506.7098844,506.721989,506.7287439,506.728736,506.7234973,506.7123516
0,475747.3706,3485979.115,0,0,0,0,0,0,0,0,0,0,0,0.000995025,0,0.058394161,0.104100946,0.13562387,0.136830103,0.140015911,0.136922177,0.128974474,0.115916342,0.09871612,0.090130797,0.093930348,0,0,0,0,0,0,0,0,0,0,0,0,491.2306791,491.2022155,491.1710489,491.1367764,491.0937111,491.0511094,491.0094826,490.9691319,490.9306202,490.8943058,490.8717657,490.8596719
0,473197.3706,3487959.115,0,0,0,0,0,0,0,0,0,0,0,0,0.594594595,0.532846715,0.391167192,0.399638336,0.423033067,0.396976929,0.389116442,0.393640842,0.404820985,0.394293866,0.370511296,0.355223881,0,0,0,0,0,0,0,0,0,0.002282454,0.007609988,0.008358209,479.4020023,479.4313985,479.5052354,479.5888626,479.6880936,479.7888248,479.8920999,480.0024553,480.1158421,480.2456046,480.3926365,480.5759862
1,474247.3706,3482979.115,0,0,0,0,0,0.005568815,0.021650088,0.025974026,0.021269054,0.019971469,0.02901308,0.029253731,0,0,0,0.003616637,0.009122007,0.007955449,0.005851375,0.00447828,0.012761432,0.012268188,0.010701546,0.013134328,0,0,0,0,0,0,0,0,0,0,0,0,508.0244586,508.0244626,508.0169948,507.9873704,507.9596075,507.9402352,507.9258748,507.9099406,507.8871301,507.8563262,507.8228178,507.7838622
0,474277.3706,3479559.115,0,0,0,0.012658228,0.017103763,0.020684169,0.015213575,0.011643529,0.010634527,0.011126961,0.01117717,0.011343284,0.027027027,0.160583942,0.296529968,0.267631103,0.255416192,0.247414479,0.267407841,0.289744738,0.317263382,0.325249643,0.323186683,0.324776119,0,0,0,0,0,0,0,0,0,0,0,0,521.5056301,521.4072119,521.2810885,521.1630507,521.0267818,520.8915018,520.7543312,520.6116269,520.4685513,520.314007,520.1524888,519.9552477
1,474067.3706,3481059.115,0,0.01459854,0.063091483,0.04159132,0.03990878,0.047732697,0.061439438,0.068965517,0.062743708,0.05192582,0.050891795,0.055721393,0,0,0.034700315,0.045207957,0.052451539,0.07239459,0.079578701,0.081504702,0.095710741,0.112410842,0.121284185,0.143482587,0,0,0,0,0,0,0,0,0,0,0,0,520.162304,520.1623058,520.1944112,520.2708311,520.3772062,520.4913595,520.606518,520.7034849,520.7790506,520.8375797,520.8732821,520.8875471
0,472867.3706,3483669.115,0,0,0,0,0,0,0.002925688,0.004030452,0.005317263,0.005706134,0.006420927,0.007363184,0,0,0,0,0,0,0,0.004030452,0.014888337,0.021398003,0.029964328,0.045771144,0,0,0,0,0,0,0,0.003582624,0.008507621,0.006847361,0.005707491,0.004776119,501.1465174,501.1465247,501.1609455,501.2203611,501.3098294,501.4285404,501.6098922,501.8536889,502.1463803,502.4920594,502.8398375,503.2447135
1,471157.3706,3485349.115,0,0,0,0,0,0.000795545,0.006436513,0.013882669,0.019851117,0.021968616,0.021640904,0.019104478,0,0.03649635,0.028391167,0.018083183,0.050171038,0.08353222,0.091866589,0.089117779,0.089684509,0.094436519,0.094887039,0.091542289,0,0,0,0,0,0,0,0,0,0,0,0,517.0304236,517.0304249,517.0305854,517.0568251,517.1529142,517.2964983,517.4677756,517.6357379,517.7903457,517.933527,518.0538971,518.1701722
1,470827.3706,3487359.115,0,0,0,0,0.011402509,0.011137629,0.008191925,0.006269592,0.004962779,0.003994294,0.00332937,0.00278607,0,0,0.009463722,0.007233273,0.012542759,0.014319809,0.010532475,0.013882669,0.021978022,0.032810271,0.041141498,0.059303483,0,0,0,0,0,0,0,0,0,0,0,0,505.2760967,505.285144,505.3051109,505.3264931,505.3515602,505.3841483,505.4266316,505.4730107,505.518863,505.5667487,505.6142811,505.6689845
1,469567.3706,3487389.115,0,0,0,0,0,0,0,0,0,0,0,0,0.324324324,0.299270073,0.347003155,0.370705244,0.381984036,0.3858393,0.414277355,0.432154053,0.430698334,0.425677603,0.421878716,0.409353234,0,0,0,0,0,0,0,0,0,0,0,0,521.1407867,521.1407943,521.1408112,521.1412698,521.1548005,521.2033266,521.2785899,521.3675595,521.4647157,521.570187,521.667609,521.7688099
0,468607.3706,3483819.115,0.189189189,0.051094891,0.034700315,0.028933092,0.018244014,0.012728719,0.0093622,0.008508733,0.0067352,0.005420827,0.00451843,0.0039801,0.27027027,0.372262774,0.492113565,0.493670886,0.505131129,0.490055688,0.508484494,0.527541424,0.540588444,0.556348074,0.568370987,0.570348259,0,0,0,0,0,0,0,0,0,0,0,0,545.4792827,545.4792797,545.4768563,545.3930507,545.1741794,544.8693073,544.4947877,544.103555,543.7074437,543.2930361,542.9077447,542.5017501
1,469597.3706,3482079.115,0,0,0,0,0,0,0,0,0,0.00085592,0.001189061,0.000995025,0.378378378,0.437956204,0.457413249,0.457504521,0.501710376,0.565632458,0.610883558,0.638154948,0.668557249,0.686162625,0.698692033,0.711840796,0,0,0,0,0,0,0,0,0,0,0,0,522.2121104,522.2121074,522.2253618,522.2657334,522.3108255,522.3648924,522.4338655,522.5099881,522.5899717,522.6743995,522.7473146,522.8115494
0,467077.3706,3484449.115,0,0,0,0,0,0,0,0,0,0.000285307,0.000951249,0.001791045,0.27027027,0.394160584,0.47318612,0.508137432,0.498289624,0.502784407,0.511995319,0.514106583,0.513647643,0.514407989,0.506302021,0.494328358,0,0,0,0,0,0,0,0,0,0,0,0,539.9470132,539.9470041,539.9469943,539.9461904,539.950776,539.9775997,540.0306108,540.0796755,540.118257,540.1435627,540.1557287,540.1576035
1,465427.3706,3485049.115,0,0,0,0,0,0,0,0,0,0,0,0,0,0.03649635,0.116719243,0.150090416,0.179019384,0.183770883,0.183733177,0.201522615,0.241403758,0.27275321,0.301545779,0.32318408,0,0,0,0,0,0,0,0,0,0,0,0,537.1738314,537.0477602,536.9121515,536.8313177,536.7612195,536.7041829,536.6568801,536.6064222,536.5593366,536.5173976,536.4795162,536.441517
0,463627.3706,3483879.115,0,0,0,0.001808318,0.002280502,0.00159109,0.004095963,0.00447828,0.003544842,0.002853067,0.003804994,0.00318408,0,0,0,0.016274864,0.043329532,0.037390613,0.038619075,0.048365428,0.061325771,0.069044223,0.078715815,0.092736318,0,0,0,0,0,0,0,0,0.000708968,0.001141227,0.000951249,0.00079602,525.5837765,525.6179778,525.6578644,525.7158425,525.8022929,525.8982412,526.00225,526.1221732,526.2546892,526.3939257,526.5186463,526.6476002
1,462007.3706,3482709.115,0,0,0,0,0,0,0,0.007165249,0.010634527,0.010841655,0.011652794,0.009751244,0.540540541,0.496350365,0.410094637,0.338155515,0.312428734,0.291964996,0.274429491,0.263322884,0.256292095,0.242510699,0.228061831,0.216517413,0,0,0,0,0,0,0,0,0,0,0,0.000597015,513.1868072,513.1828584,513.1786144,513.1747779,513.1782053,513.1976549,513.2405225,513.3005121,513.3659019,513.4231389,513.4655605,513.5017684
0,460027.3706,3481179.115,0,0,0,0,0,0,0,0,0,0,0,0,0,0.109489051,0.132492114,0.142857143,0.177879133,0.188544153,0.21357519,0.245857591,0.263027295,0.283594864,0.306064209,0.327164179,0,0,0,0,0,0,0,0,0,0,0,0,472.6627923,472.6627906,472.6784744,472.7395696,472.8397543,472.9689476,473.119667,473.2941865,473.5065119,473.7664282,474.0324211,474.3364259
1,465847.3706,3487209.115,0,0,0,0,0,0,0,0,0,0,0,0,0.162162162,0.240875912,0.246056782,0.262206148,0.294184721,0.291169451,0.310122879,0.332288401,0.335696562,0.35149786,0.365041617,0.374129353,0,0,0,0,0,0,0,0,0,0,0,0,544.3170183,544.3229882,544.3483894,544.3230924,544.2151697,544.0575084,543.8679816,543.6585866,543.4344593,543.1889592,542.9542409,542.6985306
0,465427.3706,3489069.115,0,0,0,0,0,0,0,0,0,0,0,0,0,0,0,0.01084991,0.07981756,0.145584726,0.188414277,0.212718316,0.22651542,0.240798859,0.251843044,0.256318408,0,0,0,0,0,0,0,0,0,0,0,0,534.5979499,534.5979543,534.5896897,534.5208453,534.3804811,534.1995639,533.9758236,533.7042715,533.3980725,533.0526664,532.7123063,532.3161459
1,465847.3706,3490329.115,0,0,0,0,0,0,0,0,0,0,0,0,1,0.897810219,0.839116719,0.82278481,0.81299886,0.790771679,0.77004096,0.737124944,0.693016661,0.645649073,0.607134364,0.575721393,0,0,0,0,0,0,0,0,0,0,0,0,510.7252131,510.7292995,510.7535828,510.7862369,510.8267669,510.8687043,510.9099831,510.9362626,510.9431694,510.9315768,510.9143485,510.893607
1,463927.3706,3489279.115,0,0,0,0,0,0,0,0,0,0,0,0,0,0.03649635,0.018927445,0.027124774,0.030786773,0.038186158,0.064950263,0.07523511,0.071960298,0.064194009,0.058501784,0.053134328,0,0,0,0,0,0,0,0,0,0,0,0,536.68363,536.6836325,536.683634,536.6828829,536.6820588,536.6550367,536.5721218,536.4493454,536.2902189,536.0939148,535.890118,535.6486605
0,540187.3706,3539379.115,0,0,0,0,0,0,0,0,0,0,0,0,0,0,0,0,0,0,0,0,0,0,0,0,0.513513514,0.394160584,0.353312303,0.379746835,0.304446978,0.246618934,0.200117028,0.170174653,0.149237859,0.134379458,0.124851367,0.114626866,357.7585466,357.8352267,357.9308843,358.0298314,358.1428572,358.251842,358.3595675,358.4710143,358.5877418,358.7148618,358.8373632,358.972519
0,538507.3706,3540219.115,0,0,0,0,0,0,0,0,0,0,0,0,0,0,0,0,0,0,0,0.006269592,0.01843318,0.018259629,0.021403092,0.020298507,0.675675676,0.525547445,0.444794953,0.381555154,0.297605473,0.261734288,0.241661791,0.210479176,0.184686281,0.163195435,0.147681332,0.134129353,356.9546113,356.9295688,356.8949599,356.865532,356.8401599,356.8238487,356.8162311,356.828025,356.8589537,356.9082619,356.9649154,357.033212
0,536137.3706,3541779.115,0,0,0,0,0,0,0,0,0,0,0,0,0,0,0,0,0,0,0,0,0,0,0,0,0.486486486,0.518248175,0.416403785,0.365280289,0.303306727,0.241845664,0.195435927,0.161218092,0.133995037,0.118402282,0.111296076,0.105074627,351.3970353,351.4013238,351.4073959,351.4144902,351.4352303,351.4665655,351.5059931,351.5492272,351.5948772,351.6457348,351.6947308,351.7492253
0,532207.3706,3543039.115,0,0,0,0,0,0,0,0,0,0,0,0,0,0,0,0,0,0,0,0,0,0,0,0,0,0.182481752,0.205047319,0.179023508,0.136830103,0.121718377,0.115857226,0.113748321,0.110953563,0.103566334,0.095362663,0.0839801,343.0364998,343.056932,343.0870043,343.1241424,343.169685,343.2161468,343.2637721,343.3162072,343.3766154,343.4472406,343.5176155,343.596012
0,484987.3706,3508659.115,0,0.02919708,0.028391167,0.04159132,0.042189282,0.045346062,0.045640726,0.039408867,0.03438497,0.032810271,0.02901308,0.024477612,0,0,0,0,0.012542759,0.024661893,0.036863663,0.050604568,0.07302375,0.092154066,0.108680143,0.123781095,0.702702703,0.518248175,0.413249211,0.289330922,0.262257697,0.239459029,0.201287303,0.177339901,0.155618575,0.138088445,0.12175981,0.110049751,376.6492631,376.6608686,376.6735402,376.6851451,376.7046623,376.7342534,376.778388,376.8337679,376.8988523,376.976896,377.0562915,377.1473067
0,507067.3706,3511599.115,0,0,0,0,0,0,0.00702165,0.015673981,0.022332506,0.032810271,0.046848989,0.062686567,0,0,0,0.007233273,0.007981756,0.005568815,0.004095963,0.003134796,0.00248139,0.005420827,0.007372176,0.012537313,0,0,0.066246057,0.090415913,0.101482326,0.101034208,0.091281451,0.081504702,0.074441687,0.065049929,0.060642093,0.052736318,415.8392598,415.832242,415.872502,416.0052841,416.1900041,416.3926135,416.6085802,416.8392958,417.0963729,417.3913348,417.6839336,418.0151531
1,535477.3706,3510999.115,0,0,0,0,0,0,0,0,0,0,0,0,0,0.197080292,0.29022082,0.303797468,0.324971494,0.396976929,0.457577531,0.493954322,0.520737327,0.546077033,0.571224732,0.585273632,0.432432432,0.153284672,0.066246057,0.037974684,0.023945268,0.016706444,0.012287888,0.009404389,0.007444169,0.005991441,0.004994055,0.004179104,396.1385061,396.1507107,396.1666725,396.1816244,396.1982757,396.2141963,396.2298887,396.2460551,396.2626335,396.2790758,396.2927019,396.3043418
0,531187.3706,3506469.115,0,0,0,0,0,0,0,0,0,0,0,0,0.297297297,0.671532847,0.845425868,0.884267631,0.90649943,0.910103421,0.906377999,0.901925661,0.90606168,0.894151213,0.879904875,0.866666667,0.702702703,0.328467153,0.14511041,0.08318264,0.058152794,0.046937152,0.03978935,0.034930587,0.02764977,0.022253923,0.018549346,0.015522388,424.1762869,424.1763096,424.1766363,424.1771644,424.1808733,424.1897691,424.2029586,424.218795,424.234526,424.248605,424.2595192,424.2690372
0,529867.3706,3506859.115,0,0,0,0,0,0.000795545,0.005266238,0.006717421,0.007798653,0.008844508,0.009274673,0.008756219,0.459459459,0.715328467,0.757097792,0.768535262,0.789053592,0.791567224,0.785254535,0.777429467,0.771712159,0.761483595,0.755053508,0.765373134,0.540540541,0.182481752,0.078864353,0.045207957,0.028506271,0.019888624,0.014628438,0.011195701,0.008862106,0.007132668,0.005945303,0.005970149,431.3559521,431.35228,431.3297882,431.2993522,431.2421841,431.1615549,431.0654214,430.9616649,430.8540318,430.7396463,430.6360233,430.5289059
1,529057.3706,3507879.115,0,0,0,0.021699819,0.050171038,0.050914877,0.042129901,0.043887147,0.05281815,0.04764622,0.045184304,0.051144279,0.081081081,0.291970803,0.394321767,0.367088608,0.374002281,0.440731901,0.527208894,0.581728616,0.612548742,0.641940086,0.66706302,0.67920398,0.594594595,0.313868613,0.135646688,0.077757685,0.049030787,0.034208433,0.025160913,0.019256605,0.015242822,0.012268188,0.010225922,0.009353234,436.3299519,436.3277278,436.29902,436.2312737,436.1281999,436.0117523,435.885697,435.746276,435.5942233,435.4241135,435.2600275,435.0789551
1,531337.3706,3508479.115,0,0,0,0,0,0,0,0,0,0,0,0.00079602,0.567567568,0.722627737,0.832807571,0.902350814,0.925883694,0.92124105,0.891164424,0.885803851,0.882311237,0.867332382,0.846848989,0.829253731,0.432432432,0.211678832,0.123028391,0.070524412,0.044469783,0.031026253,0.022820363,0.017465293,0.013824885,0.011126961,0.009274673,0.007761194,422.7559064,422.7559068,422.7555747,422.7498759,422.7315929,422.7045974,422.6681025,422.6215667,422.5679299,422.506539,422.4467232,422.3810523
1,528547.3706,3510189.115,0,0,0.022082019,0.036166365,0.034207526,0.030230708,0.03042715,0.025526198,0.023395959,0.027389444,0.027348395,0.034825871,0.027027027,0.204379562,0.23659306,0.278481013,0.307867731,0.327764519,0.36395553,0.381101657,0.393123006,0.403994294,0.417360285,0.419303483,0.432432432,0.138686131,0.075709779,0.056057866,0.035347777,0.024661893,0.018139263,0.013882669,0.010989011,0.008844508,0.007372176,0.006169154,430.0593649,430.0593812,430.0674526,430.0862468,430.1110439,430.137369,430.164913,430.1935869,430.224139,430.2586518,430.293737,430.3348356
0,539047.3706,3479289.115,0,0,0,0,0,0,0,0,0,0,0,0,0.243243243,0.678832117,0.735015773,0.737793852,0.725199544,0.760540971,0.776477472,0.754142409,0.741935484,0.746077033,0.765279429,0.774129353,0.756756757,0.306569343,0.138801262,0.079566004,0.061573546,0.050119332,0.045640726,0.049261084,0.045373981,0.038516405,0.033055886,0.028258706,442.9500534,442.9500534,442.9499548,442.9468061,442.9405419,442.9331997,442.9298782,442.9351029,442.9503755,442.9759905,443.0059594,443.0450137
0,539617.3706,3476859.115,0,0,0,0,0,0,0,0,0,0,0,0,0.486486486,0.437956204,0.507886435,0.613019892,0.649942987,0.696897375,0.747220597,0.779220779,0.809996455,0.837375178,0.852794293,0.865273632,0.513513514,0.540145985,0.466876972,0.35443038,0.316989738,0.268894193,0.216500878,0.178683386,0.151364764,0.127817404,0.11391201,0.099303483,437.8093699,437.8347326,437.8674342,437.8983808,437.9330507,437.9663866,437.9993955,438.0334411,438.0680191,438.1061215,438.1438049,438.1860729
1,539857.3706,3476109.115,0,0,0,0,0,0,0,0,0,0,0,0,0.567567568,0.773722628,0.782334385,0.811934901,0.818700114,0.827366746,0.822703335,0.841916704,0.860687699,0.873894437,0.883234245,0.884975124,0.432432432,0.218978102,0.160883281,0.142857143,0.13340935,0.132060461,0.138677589,0.122704881,0.107763205,0.090727532,0.077764566,0.069850746,437.2663863,437.2663866,437.2666303,437.2695561,437.2748685,437.2817329,437.291516,437.3051751,437.322818,437.3448249,437.3678066,437.3961329
1,539557.3706,3474579.115,0,0,0,0,0,0,0,0,0,0,0,0,0.378378378,0.313868613,0.365930599,0.477396022,0.607753706,0.669053302,0.715038034,0.757277206,0.788372917,0.807417974,0.833293698,0.856119403,0.405405405,0.364963504,0.176656151,0.101265823,0.063854048,0.044550517,0.0327677,0.02507837,0.019851117,0.015977175,0.013317479,0.012139303,435.9262489,435.9386848,435.9544994,435.9692591,435.9857336,436.0014109,436.0165036,436.0317832,436.0483066,436.0687112,436.0910088,436.1179962
0,539047.3706,3473259.115,0,0,0,0,0,0,0,0,0,0,0,0,0.405405405,0.569343066,0.766561514,0.848101266,0.86659065,0.874303898,0.884727911,0.889834304,0.896136122,0.904992867,0.912009512,0.9160199,0.594594595,0.386861314,0.186119874,0.106690778,0.0672748,0.046937152,0.034523113,0.026421854,0.021623538,0.021398003,0.021165279,0.020298507,434.7524125,434.7524011,434.7536948,434.7613428,434.7731617,434.7867972,434.8039604,434.8249056,434.8483765,434.8747889,434.9007538,434.9310469
1,541267.3706,3479109.115,0,0,0,0,0,0,0,0.000447828,0.002126905,0.002282454,0.001902497,0.00358209,0.648648649,0.817518248,0.85488959,0.887884268,0.89395667,0.875894988,0.877121123,0.866099418,0.848280752,0.846504993,0.838763377,0.820895522,0.351351351,0.182481752,0.141955836,0.097649186,0.061573546,0.042959427,0.031597425,0.024182714,0.019142148,0.015406562,0.012841855,0.010746269,442.9911491,442.9992199,443.01461,443.0305469,443.048693,443.066104,443.0831541,443.1021254,443.1242705,443.1523931,443.1854595,443.2280245
1,537127.3706,3470289.115,0,0,0,0,0,0,0,0,0,0,0,0,0.432432432,0.671532847,0.851735016,0.915009042,0.94640821,0.962609387,0.970743125,0.975369458,0.978376462,0.976034237,0.964328181,0.956616915,0.567567568,0.328467153,0.148264984,0.084990958,0.05359179,0.037390613,0.027501463,0.021047918,0.016660759,0.013409415,0.01117717,0.009353234,433.2077158,433.2099788,433.219556,433.2309573,433.2446792,433.258738,433.2732509,433.2894721,433.3073377,433.3280547,433.3512911,433.3805478
0,532507.3706,3472179.115,0.162162162,0.087591241,0.063091483,0.086799277,0.085518814,0.085918854,0.091281451,0.106135244,0.124423963,0.135235378,0.137693222,0.147661692,0.162162162,0.094890511,0.239747634,0.318264014,0.363740023,0.363564041,0.340550029,0.328257949,0.319744771,0.317546362,0.32294887,0.312039801,0.135135135,0.03649635,0.015772871,0.009041591,0.005701254,0.003977725,0.002925688,0.00223914,0.001772421,0.001426534,0.001189061,0.000995025,458.0900772,458.1466677,458.2104566,458.2682689,458.3320996,458.3925226,458.4518259,458.5124256,458.575335,458.6504076,458.7307719,458.8274572
1,535147.3706,3482559.115,0.351351351,0.116788321,0.050473186,0.028933092,0.018244014,0.012728719,0.0093622,0.007165249,0.005671748,0.004564907,0.004994055,0.004179104,0.135135135,0.467153285,0.681388013,0.777576854,0.823261117,0.804295943,0.80748976,0.807881773,0.803970223,0.781455064,0.749583829,0.741691542,0.459459459,0.204379562,0.088328076,0.050632911,0.031927024,0.022275259,0.01638385,0.012539185,0.009925558,0.007988588,0.00665874,0.005970149,459.4254843,459.4254814,459.4243875,459.4112929,459.3863773,459.3562439,459.3226338,459.289247,459.2550067,459.2165556,459.1788938,459.1366889
1,538087.3706,3517779.115,0,0,0,0,0,0,0,0,0,0,0,0,0.054054054,0.167883212,0.192429022,0.24954792,0.296465222,0.336515513,0.382094792,0.421854008,0.422190713,0.42253923,0.41902497,0.416915423,0.621621622,0.379562044,0.261829653,0.220614828,0.1995439,0.167064439,0.126974839,0.099865652,0.091102446,0.081027104,0.071819263,0.064875622,387.0834342,387.0834333,387.0843285,387.0879024,387.0927889,387.097927,387.1032614,387.1090632,387.1152829,387.122208,387.1295517,387.1392611
0,537307.3706,3516849.115,0,0,0,0,0,0,0,0,0,0,0,0,0.189189189,0.160583942,0.242902208,0.273056058,0.33295325,0.389817025,0.418958455,0.437527989,0.449131514,0.457631954,0.474435196,0.489552239,0.648648649,0.467153285,0.299684543,0.283905967,0.242873432,0.186953063,0.152135752,0.127183162,0.112725984,0.102425107,0.095124851,0.090348259,388.5550017,388.5550007,388.5560556,388.5610068,388.5702925,388.5826371,388.5987998,388.6182347,388.6399397,388.664428,388.6885823,388.7165743
0,538957.3706,3521889.115,0,0,0.009463722,0.01084991,0.006841505,0.00477327,0.003510825,0.002686968,0.002126905,0.00171184,0.001426873,0.00119403,0.27027027,0.459854015,0.577287066,0.658227848,0.714937286,0.735879077,0.744294909,0.741155396,0.744416873,0.755206847,0.756956005,0.765572139,0.72972973,0.496350365,0.315457413,0.189873418,0.139110604,0.123309467,0.103569339,0.087774295,0.079049982,0.071326676,0.068489893,0.065870647,389.655327,389.6539941,389.6432743,389.6291236,389.6135064,389.605332,389.6079433,389.6179679,389.634964,389.6589676,389.6860714,389.7198946
0,543097.3706,3528219.115,0.054054054,0.01459854,0.006309148,0.003616637,0.002280502,0.00159109,0.004095963,0.00447828,0.004608295,0.004850214,0.004042806,0.003383085,0,0,0.003154574,0.007233273,0.005701254,0.017501989,0.033937975,0.049708912,0.069478908,0.080171184,0.091082045,0.095920398,0.27027027,0.138686131,0.094637224,0.057866184,0.036488027,0.027048528,0.02106495,0.018360949,0.017369727,0.016547789,0.014268728,0.012935323,372.5540095,372.5540099,372.5532029,372.5428056,372.5208523,372.4941576,372.4788656,372.4831738,372.5065633,372.549335,372.601855,372.6777229
0,548857.3706,3497139.115,0,0,0,0,0,0,0,0,0,0,0,0,0,0,0.006309148,0.057866184,0.100342075,0.116945107,0.131070802,0.133004926,0.140375753,0.143794579,0.151248514,0.164776119,0.594594595,0.437956204,0.372239748,0.276672694,0.181299886,0.131264916,0.098303101,0.07523511,0.05955335,0.047931526,0.039952438,0.035621891,379.5179212,379.5314906,379.5312834,379.5245579,379.5184417,379.5139427,379.5111193,379.5152299,379.5258147,379.5441909,379.5767594,379.6279577
0,537607.3706,3498279.115,0,0,0,0,0,0,0,0,0,0,0,0,0.378378378,0.708029197,0.85488959,0.900542495,0.928164196,0.920445505,0.925687537,0.933273623,0.92201347,0.89700428,0.881331748,0.854527363,0.621621622,0.291970803,0.132492114,0.075949367,0.047890536,0.033412888,0.024575775,0.018808777,0.015242822,0.016833096,0.015457788,0.013930348,448.3029356,448.3029342,448.302909,448.3018334,448.2974121,448.2871714,448.2703233,448.249285,448.2247515,448.1963835,448.1678025,448.1345863
1,538957.3706,3498009.115,0,0,0,0,0,0,0,0,0,0,0,0,0.297297297,0.583941606,0.753943218,0.837251356,0.851767389,0.843277645,0.849619661,0.86789073,0.881247784,0.886162625,0.884423306,0.871243781,0.594594595,0.211678832,0.09148265,0.054249548,0.063854048,0.056483691,0.044470451,0.036274071,0.028713222,0.023109843,0.020214031,0.018507463,442.6842915,442.6810174,442.6758661,442.6651643,442.6503345,442.6341552,442.6158582,442.5954911,442.5738479,442.550425,442.5282607,442.5037344
1,552547.3706,3570459.115,0,0,0,0,0,0.002386635,0.004095963,0.005373936,0.0067352,0.005420827,0.00451843,0.003781095,0.027027027,0.00729927,0.003154574,0.001808318,0.001140251,0.000795545,0.000585138,0.000447828,0.000354484,0.000285307,0.000237812,0.000199005,0.081081081,0.02189781,0.009463722,0.005424955,0.003420753,0.002386635,0.001755413,0.001343484,0.001063453,0.00085592,0.000713436,0.000597015,365.0157133,365.2040203,365.4228736,365.6255087,365.8620838,366.0959679,366.3385247,366.6032424,366.8935273,367.2324378,367.5737386,367.9573172
0,528997.3706,3567519.115,0.162162162,0.04379562,0.018927445,0.01084991,0.006841505,0.00477327,0.008777063,0.017465293,0.024104927,0.022253923,0.018549346,0.015721393,0,0,0,0,0,0,0,0,0,0,0,0,0.297297297,0.080291971,0.034700315,0.019891501,0.012542759,0.008750994,0.006436513,0.006717421,0.005317263,0.004279601,0.003567182,0.002985075,329.1409673,329.1859808,329.2441813,329.3160729,329.4084028,329.5044318,329.6038339,329.7092844,329.8210891,329.9503095,330.0830602,330.2377462
0,529777.3706,3567489.115,0.081081081,0.102189781,0.047318612,0.027124774,0.017103763,0.011933174,0.008777063,0.006717421,0.007444169,0.005991441,0.004994055,0.004179104,0,0,0,0,0,0,0,0,0,0,0,0,0.108108108,0.02919708,0.012618297,0.007233273,0.004561003,0.00318218,0.002925688,0.005373936,0.005317263,0.004279601,0.003567182,0.002985075,330.5888589,330.6389552,330.7125079,330.8088479,330.9304938,331.0572732,331.1890365,331.3334531,331.498443,331.6997175,331.912655,332.1646553
1,538807.3706,3578949.115,0,0,0,0,0,0,0,0,0,0,0,0,0.621621622,0.773722628,0.728706625,0.72875226,0.761687571,0.791567224,0.819777648,0.824451411,0.825948245,0.822824536,0.831866825,0.838208955,0.189189189,0.051094891,0.022082019,0.012658228,0.007981756,0.005568815,0.004095963,0.003134796,0.00248139,0.001997147,0.001664685,0.001393035,398.2010754,398.2010752,398.2010758,398.2027502,398.2343047,398.3085048,398.4295938,398.5878612,398.7739399,398.9900179,399.2031681,399.4411953
1,542617.3706,3584769.115,0,0,0,0,0,0,0,0,0,0,0,0,0.108108108,0.03649635,0.015772871,0.009041591,0.009122007,0.011137629,0.012873025,0.02060009,0.034739454,0.049928673,0.063258026,0.073432836,0.216216216,0.080291971,0.034700315,0.019891501,0.012542759,0.008750994,0.006436513,0.004926108,0.003899326,0.003138374,0.002615933,0.002189055,368.3911487,368.4301564,368.5078442,368.597399,368.7136395,368.8354112,368.9599731,369.0863584,369.211416,369.3503874,369.4883828,369.6497308
1,543337.3706,3590409.115,0,0,0,0,0,0,0,0,0,0,0,0,0,0,0,0,0,0,0,0,0,0,0.002140309,0.00199005,0.189189189,0.065693431,0.028391167,0.016274864,0.010262258,0.007159905,0.005266238,0.004030452,0.003190358,0.00256776,0.002140309,0.001791045,351.5442752,351.54499,351.5455684,351.5437364,351.5399639,351.5354795,351.5318247,351.5292582,351.5278523,351.5272525,351.5266435,351.5260017
1,541297.3706,3591609.115,0,0,0,0,0,0,0,0,0,0,0,0,0,0,0,0.003616637,0.007981756,0.005568815,0.004095963,0.003134796,0.013824885,0.02853067,0.033769322,0.0360199,0.243243243,0.080291971,0.034700315,0.019891501,0.012542759,0.011137629,0.008777063,0.006717421,0.005317263,0.004279601,0.003567182,0.002985075,353.4082658,353.4082657,353.4108874,353.4230404,353.4437334,353.4689077,353.5222562,353.6154096,353.7419946,353.9045924,354.0737043,354.270116
1,540757.3706,3591609.115,0,0,0,0,0,0,0,0,0,0,0,0,0,0.02919708,0.022082019,0.012658228,0.007981756,0.005568815,0.004095963,0.005373936,0.012052464,0.02253923,0.028299643,0.032636816,0.108108108,0.02919708,0.012618297,0.007233273,0.007981756,0.011933174,0.008777063,0.006717421,0.005317263,0.004279601,0.003567182,0.002985075,355.5289637,355.7326567,355.9657442,356.1844788,356.4353994,356.678129,356.9203526,357.1753808,357.4313825,357.6856816,357.9114679,358.1421886
1,518827.3706,3592269.115,0,0,0,0,0.001140251,0.002386635,0.005266238,0.006717421,0.005671748,0.006276748,0.006896552,0.006368159,0.783783784,0.941605839,0.974763407,0.985533454,0.988597491,0.989657916,0.988882387,0.988356471,0.990074442,0.989728959,0.988347206,0.988258706,0.216216216,0.058394161,0.025236593,0.014466546,0.009122007,0.00636436,0.0046811,0.003582624,0.002835874,0.002282454,0.001902497,0.00159204,736.3353304,736.4947599,736.7813907,737.0731175,737.4017156,737.7214626,738.039519,738.3679081,738.7133559,739.0889293,739.4568231,739.8706391
1,522667.3706,3589329.115,0.351351351,0.197080292,0.192429022,0.169981917,0.144811859,0.170246619,0.177296665,0.178235558,0.171570365,0.161768902,0.156956005,0.153631841,0,0,0.006309148,0.025316456,0.074116306,0.128082737,0.194265652,0.280340349,0.350939383,0.42168331,0.473008323,0.513233831,0.054054054,0.02919708,0.012618297,0.007233273,0.004561003,0.00318218,0.002925688,0.002686968,0.002126905,0.00171184,0.001426873,0.00119403,924.4855231,923.9548055,923.1656157,922.3800928,921.4557148,920.529909,919.5901159,918.5659067,917.4428066,916.1015408,914.6632928,912.9241256
1,519877.3706,3600969.115,0.405405405,0.204379562,0.110410095,0.066907776,0.049030787,0.046937152,0.041544763,0.046126288,0.04785537,0.044507846,0.046373365,0.060696517,0.27027027,0.474452555,0.624605678,0.772151899,0.834663626,0.84725537,0.852545348,0.850425437,0.83977313,0.823680456,0.809988109,0.794029851,0.081081081,0.02189781,0.009463722,0.005424955,0.003420753,0.002386635,0.0046811,0.008956561,0.010280043,0.009985735,0.009036861,0.007761194,509.6025473,509.6025591,509.6025696,509.6275846,509.7316955,509.9537334,510.3079468,510.7434324,511.2407576,511.8063825,512.3607007,512.980403
1,519427.3706,3601599.115,0.054054054,0.02189781,0.022082019,0.039783002,0.060433295,0.057279236,0.063194851,0.07299597,0.077632045,0.078459344,0.068965517,0.063482587,0.297297297,0.547445255,0.608832808,0.578661844,0.598631699,0.618138425,0.625511995,0.624272279,0.613966678,0.611697575,0.620451843,0.626865672,0.513513514,0.197080292,0.100946372,0.065099458,0.043329532,0.031026253,0.0234055,0.019256605,0.018787664,0.017118402,0.0156956,0.015721393,492.9214321,492.9560732,493.1510507,493.4166019,493.7374167,494.0642644,494.400681,494.7581025,495.1439497,495.5853226,496.047563,496.5970506
1,518647.3706,3602259.115,0,0,0.006309148,0.018083183,0.022805017,0.040572792,0.049151551,0.046126288,0.047146402,0.049643367,0.05136742,0.058109453,0.459459459,0.437956204,0.47318612,0.481012658,0.445838084,0.397772474,0.38736103,0.379758173,0.390996101,0.40342368,0.418073722,0.428656716,0.27027027,0.233576642,0.151419558,0.104882459,0.072976055,0.055688146,0.041544763,0.033587103,0.028713222,0.025677603,0.024019025,0.021094527,474.717997,474.842941,475.0874578,475.3437434,475.6346784,475.9188134,476.2019751,476.4885748,476.7699131,477.0776444,477.4044111,477.8076241
1,518227.3706,3602529.115,0,0.058394161,0.075709779,0.068716094,0.05359179,0.046937152,0.03978935,0.032691446,0.032258065,0.033666191,0.033769322,0.035621891,0.216216216,0.299270073,0.432176656,0.421338156,0.348916762,0.325377884,0.320070217,0.342588446,0.360864942,0.37232525,0.384542212,0.39840796,0.216216216,0.124087591,0.072555205,0.068716094,0.054732041,0.041368337,0.035693388,0.030004478,0.023750443,0.019115549,0.016646849,0.014129353,467.769848,467.7698518,467.8306743,467.9540553,468.1146392,468.2868811,468.4806211,468.6985506,468.9503218,469.2503233,469.555394,469.9064611
1,516157.3706,3603639.115,0,0,0,0,0,0.000795545,0.000585138,0.000447828,0.000354484,0.000570613,0.002378121,0.002587065,0,0.124087591,0.217665615,0.24954792,0.261117446,0.264120923,0.296079579,0.306762203,0.308046792,0.303281027,0.293460166,0.282587065,0.135135135,0.04379562,0.018927445,0.01084991,0.006841505,0.00477327,0.003510825,0.002686968,0.002126905,0.00171184,0.001426873,0.00119403,438.9906723,438.990671,438.9908731,439.0007982,439.0401258,439.1139548,439.2296318,439.3759522,439.5452405,439.7403974,439.9328341,440.1503858
0,512107.3706,3599379.115,0,0,0,0,0,0,0,0,0,0,0,0,0,0,0,0,0,0,0,0,0,0,0,0,0.054054054,0.01459854,0.006309148,0.003616637,0.002280502,0.00159109,0.001170275,0.000895656,0.000708968,0.000570613,0.000475624,0.00039801,384.8121313,384.812126,384.824179,384.8485271,384.90175,385.001273,385.1401195,385.3030785,385.4886918,385.7031198,385.9161856,386.156727
0,510457.3706,3598359.115,0,0,0,0,0,0,0,0,0,0,0,0,0,0,0,0,0,0.003977725,0.0046811,0.006717421,0.005317263,0.004279601,0.003567182,0.002985075,0.054054054,0.01459854,0.006309148,0.003616637,0.002280502,0.00159109,0.001170275,0.000895656,0.000708968,0.000570613,0.000475624,0.00039801,368.8013957,368.8013967,368.8017816,368.8288883,368.8899596,368.9708112,369.0687804,369.1894759,369.3316056,369.4987988,369.6663457,369.8579979
0,507607.3706,3605859.115,0,0,0,0,0,0,0,0,0,0,0,0,0,0,0,0,0,0.002386635,0.0234055,0.028660994,0.025877348,0.021112696,0.02235434,0.028457711,0.054054054,0.02189781,0.009463722,0.005424955,0.003420753,0.002386635,0.001755413,0.001343484,0.001063453,0.00085592,0.000713436,0.000597015,395.1454369,395.1452262,395.1456551,395.1533188,395.1652086,395.1789608,395.1962109,395.2174006,395.240933,395.2669838,395.2923055,395.3206412
0,536047.3706,3609039.115,0,0,0,0,0,0,0,0,0,0,0,0,0.162162162,0.109489051,0.078864353,0.045207957,0.028506271,0.027844073,0.035693388,0.028660994,0.02268699,0.018259629,0.015219976,0.012736318,0.027027027,0.02189781,0.009463722,0.005424955,0.003420753,0.002386635,0.001755413,0.001343484,0.001063453,0.00085592,0.000713436,0.000597015,289.3163345,289.4446039,289.7104578,290.0186257,290.372506,290.7179333,291.0614544,291.408099,291.7517746,292.1143286,292.4611736,292.8446472
0,537337.3706,3609909.115,0,0,0,0,0,0,0,0,0,0,0,0,0.216216216,0.116788321,0.069400631,0.045207957,0.028506271,0.019888624,0.014628438,0.011195701,0.009925558,0.014835949,0.015219976,0.012736318,0.054054054,0.01459854,0.006309148,0.003616637,0.002280502,0.00159109,0.001170275,0.000895656,0.000708968,0.000570613,0.000475624,0.00039801,296.2278409,296.2181793,296.198908,296.1895778,296.1786935,296.16543,296.149253,296.1256906,296.1017386,296.0891737,296.0730547,296.0413423
0,535897.3706,3611679.115,0,0,0,0,0,0,0,0,0,0,0,0,0.027027027,0.04379562,0.025236593,0.014466546,0.009122007,0.00636436,0.0046811,0.003582624,0.002835874,0.002282454,0.001902497,0.00159204,0.162162162,0.04379562,0.018927445,0.01084991,0.006841505,0.00477327,0.003510825,0.002686968,0.002126905,0.00171184,0.001426873,0.00119403,290.4155265,290.4641635,290.5245666,290.5795906,290.6380747,290.6919086,290.7436132,290.795954,290.8564536,290.9246391,290.9953405,291.0856081
0,540337.3706,3609789.115,0,0,0,0,0,0,0,0,0,0,0,0,0,0,0,0,0,0,0,0,0,0,0,0,0.594594595,0.175182482,0.075709779,0.045207957,0.070695553,0.089101034,0.112346401,0.138826691,0.160581354,0.193152639,0.218311534,0.235820896,298.3821469,298.4979277,298.6237753,298.7446143,298.8974241,299.0685652,299.2638916,299.4744532,299.690389,299.9169606,300.1288425,300.3610116
1,545677.3706,3603189.115,0,0,0,0,0,0,0,0,0,0,0,0,0,0,0,0.007233273,0.01368301,0.011137629,0.008191925,0.006269592,0.004962779,0.003994294,0.00332937,0.00278607,0.243243243,0.065693431,0.028391167,0.016274864,0.042189282,0.07398568,0.088940901,0.085087326,0.089684509,0.094436519,0.097740785,0.096716418,318.9975842,318.9968438,318.9850833,318.9655565,318.9403655,318.9238064,318.9210218,318.9290221,318.9493718,318.9834365,319.0244677,319.0761282
1,547177.3706,3587499.115,0,0,0,0,0,0,0,0,0,0,0,0,0,0,0,0,0,0,0,0,0,0.001426534,0.001189061,0.000995025,0.72972973,0.299270073,0.138801262,0.079566004,0.050171038,0.035003978,0.02574605,0.019704433,0.015597306,0.013124108,0.010939358,0.009154229,348.4020394,348.402483,348.4101627,348.4225378,348.4381153,348.4544079,348.4719288,348.4919446,348.5143852,348.5406987,348.5693106,348.6050468
0,540187.3706,3545199.115,0,0,0,0,0,0,0,0,0,0,0,0,0,0,0,0,0,0,0,0,0,0,0,0,0.243243243,0.087591241,0.041009464,0.023508137,0.014823261,0.010342084,0.007606788,0.005821764,0.005671748,0.005706134,0.004756243,0.0039801,368.5653002,368.5876962,368.6191451,368.6492044,368.6829188,368.7153776,368.7474933,368.7811471,368.8175821,368.8643978,368.9188728,368.9876847
0,542137.3706,3545529.115,0,0,0,0,0,0,0,0,0,0,0,0,0,0,0,0,0,0,0.001755413,0.00223914,0.001772421,0.001426534,0.001189061,0.00318408,0.216216216,0.072992701,0.031545741,0.018083183,0.011402509,0.007955449,0.006436513,0.007165249,0.005671748,0.004564907,0.004756243,0.004577114,372.4872684,372.4872675,372.4872662,372.4917878,372.5403297,372.6293207,372.7595165,372.9166579,373.0929212,373.2931175,373.4883311,373.7058638
1,537787.3706,3545199.115,0,0,0,0,0,0,0,0,0,0,0,0,0,0,0,0,0,0,0,0,0,0,0,0,0.189189189,0.051094891,0.022082019,0.012658228,0.007981756,0.005568815,0.004095963,0.003134796,0.00248139,0.001997147,0.001664685,0.001393035,362.4677767,362.5029284,362.5558473,362.6067586,362.6617259,362.7132567,362.7632722,362.8122917,362.8599734,362.9095547,362.9562704,363.0080617
0,548077.3706,3542769.115,0,0,0,0,0,0,0,0,0,0,0,0,0,0,0.006309148,0.070524412,0.098061574,0.102625298,0.104154476,0.130317958,0.166253102,0.200570613,0.231629013,0.254129353,0,0,0,0,0,0,0,0,0,0,0,0,367.4288973,367.4444968,367.4680348,367.4915687,367.5302321,367.5817869,367.6403676,367.703947,367.7759094,367.8617593,367.950712,368.0545575
0,548077.3706,3542769.115,0,0,0,0,0,0,0,0,0,0,0,0,0,0,0.006309148,0.070524412,0.098061574,0.102625298,0.104154476,0.130317958,0.166253102,0.200570613,0.231629013,0.254129353,0,0,0,0,0,0,0,0,0,0,0,0,367.4288973,367.4444968,367.4680348,367.4915687,367.5302321,367.5817869,367.6403676,367.703947,367.7759094,367.8617593,367.950712,368.0545575
0,542137.3706,3537519.115,0,0,0,0,0,0,0.001170275,0.005821764,0.004962779,0.003994294,0.00332937,0.00278607,0,0.00729927,0.050473186,0.05244123,0.038768529,0.027048528,0.019894675,0.015673981,0.016306274,0.017974322,0.019500595,0.017711443,0.243243243,0.080291971,0.034700315,0.019891501,0.012542759,0.008750994,0.006436513,0.004926108,0.003899326,0.003138374,0.002615933,0.002189055,363.0458506,363.0458512,363.044253,363.0355406,363.0228548,363.0112496,363.0024477,363.0009131,363.011248,363.0331925,363.0621554,363.1011212
0,544927.3706,3539949.115,0,0,0,0,0,0,0,0,0,0,0,0,0,0,0,0,0,0,0,0,0,0,0,0,0.216216216,0.065693431,0.028391167,0.016274864,0.010262258,0.007159905,0.005266238,0.004030452,0.003190358,0.004279601,0.003567182,0.002985075,371.841321,371.8233665,371.7994417,371.7786172,371.763169,371.7523154,371.7427986,371.7296307,371.7140373,371.6987091,371.6839519,371.6681782
1,544927.3706,3535029.115,0,0,0,0,0,0,0,0,0,0,0,0,0,0.051094891,0.100946372,0.137432188,0.120866591,0.105807478,0.095377414,0.094491715,0.09145693,0.086447932,0.081807372,0.07681592,0.189189189,0.051094891,0.022082019,0.012658228,0.007981756,0.005568815,0.004095963,0.003134796,0.00248139,0.001997147,0.001664685,0.001393035,372.1086582,372.0835752,372.0573168,372.0352481,372.014743,371.9981012,371.9836164,371.9733707,371.9718386,371.9815642,372.0023425,372.0343485
1,544537.3706,3532659.115,0,0,0,0,0,0,0,0,0,0,0,0,0,0,0,0.005424955,0.023945268,0.023866348,0.020479813,0.015673981,0.012406948,0.009985735,0.008323424,0.006965174,0.081081081,0.02189781,0.009463722,0.005424955,0.003420753,0.002386635,0.001755413,0.001343484,0.001063453,0.00085592,0.000713436,0.000597015,375.3058793,375.305879,375.3058793,375.3063012,375.3152527,375.3339548,375.3568004,375.3815571,375.4067318,375.4327366,375.4562365,375.480393
0,543217.3706,3529659.115,0,0,0,0,0,0,0,0,0,0,0,0,0,0,0,0,0.003420753,0.00636436,0.007606788,0.017465293,0.025522864,0.031098431,0.036385256,0.033233831,0.243243243,0.116788321,0.050473186,0.028933092,0.023945268,0.020684169,0.019309538,0.017465293,0.013824885,0.011412268,0.009750297,0.008159204,376.1837397,376.186337,376.1898709,376.1797854,376.162876,376.1433129,376.1225744,376.1119262,376.1178787,376.1424571,376.1825565,376.2408302
0,543517.3706,3530109.115,0,0,0,0,0,0,0,0,0,0,0,0,0,0,0,0.003616637,0.018244014,0.034208433,0.039204213,0.034034931,0.035093938,0.031383738,0.027348395,0.025671642,0.27027027,0.080291971,0.034700315,0.019891501,0.018244014,0.021479714,0.015798713,0.012091357,0.009571074,0.007703281,0.006420927,0.005572139,375.9197066,375.9197065,375.9329225,375.9643538,376.008143,376.0556011,376.1086845,376.1676058,376.2279621,376.2922269,376.3567,376.4340934
1,541927.3706,3527439.115,0,0,0.009463722,0.009041591,0.010262258,0.009546539,0.008191925,0.008956561,0.007089685,0.005706134,0.004756243,0.0039801,0,0,0.009463722,0.009041591,0.005701254,0.011137629,0.012873025,0.017017465,0.016660759,0.015977175,0.019262782,0.026666667,0.135135135,0.109489051,0.072555205,0.063291139,0.068415051,0.063643596,0.056173201,0.048365428,0.042892591,0.039372325,0.037098692,0.03721393,369.9817274,369.9959314,370.1502532,370.3705974,370.6411088,370.9192418,371.2090435,371.521363,371.8458724,372.1881765,372.5071073,372.8454304
0,531487.3706,3530559.115,0,0,0,0,0,0,0,0,0,0,0,0,0.189189189,0.102189781,0.044164038,0.025316456,0.015963512,0.014319809,0.011117613,0.008508733,0.0067352,0.007132668,0.010463734,0.012338308,0.162162162,0.04379562,0.018927445,0.01084991,0.006841505,0.00477327,0.003510825,0.002686968,0.002126905,0.00171184,0.001426873,0.00119403,385.9240162,386.0172375,386.1226,386.2204056,386.3300094,386.4345802,386.5375932,386.6433769,386.7541769,386.8859624,387.0246225,387.187819
1,539677.3706,3514689.115,0,0,0,0,0,0,0,0,0,0,0,0,0.054054054,0.394160584,0.52681388,0.578661844,0.623717218,0.626093874,0.610883558,0.61038961,0.607585962,0.614265335,0.609750297,0.605572139,0.648648649,0.357664234,0.176656151,0.113924051,0.084378563,0.066825776,0.052662376,0.040304523,0.03190358,0.025677603,0.021403092,0.017910448,379.5136117,379.5067014,379.4979583,379.4882409,379.4765217,379.464671,379.4525931,379.4400895,379.4277588,379.4147303,379.4002502,379.3829132
1,540547.3706,3516519.115,0,0,0,0,0,0,0,0,0,0,0,0,0.405405405,0.437956204,0.365930599,0.338155515,0.299885975,0.284805091,0.282036279,0.263322884,0.252392769,0.247075606,0.251605232,0.274427861,0,0,0,0,0,0,0,0,0,0,0,0,379.8770307,379.8593868,379.8398551,379.8230557,379.8066026,379.7929203,379.7807231,379.7682625,379.7557297,379.7422936,379.7273536,379.7084176
1,544057.3706,3519519.115,0,0,0,0,0,0,0,0,0,0,0,0,0,0.262773723,0.425867508,0.486437613,0.518814139,0.536197295,0.564657695,0.583967756,0.585962425,0.595720399,0.609988109,0.622885572,0.297297297,0.102189781,0.05362776,0.03074141,0.021664766,0.017501989,0.0140433,0.010747873,0.008507621,0.006847361,0.005707491,0.004776119,378.4363065,378.4408756,378.453528,378.4674145,378.4840545,378.501535,378.5200382,378.5415852,378.5655898,378.5923524,378.6200272,378.6521679
1,539347.3706,3495339.115,0,0,0,0,0,0,0,0,0,0,0,0,0.567567568,0.781021898,0.832807571,0.862567812,0.875712657,0.84725537,0.81919251,0.803851321,0.792272244,0.792867332,0.796432818,0.799402985,0.432432432,0.218978102,0.104100946,0.065099458,0.052451539,0.039777247,0.029842013,0.02283923,0.018078695,0.014550642,0.012128419,0.010149254,451.5538676,451.5708765,451.6057855,451.6449337,451.6891948,451.731846,451.7741932,451.8171175,451.8597453,451.9058951,451.9507822,452.0020492
1,539107.3706,3496839.115,0,0,0,0,0,0,0,0,0,0,0,0,0.162162162,0.270072993,0.410094637,0.455696203,0.576966933,0.645982498,0.692802809,0.711598746,0.706487061,0.709843081,0.725564804,0.731343284,0.27027027,0.138686131,0.059936909,0.034358047,0.021664766,0.019888624,0.017554125,0.02060009,0.018078695,0.015977175,0.016884661,0.017114428,446.1406036,446.1406063,446.1407854,446.143175,446.1465184,446.1496057,446.1524522,446.1569943,446.1640635,446.1740206,446.1849389,446.1981016
1,533287.3706,3499779.115,0,0,0,0.003616637,0.011402509,0.030230708,0.048566413,0.05239588,0.058489897,0.066761769,0.068965517,0.070447761,0,0.03649635,0.072555205,0.09403255,0.085518814,0.089101034,0.108250439,0.137931034,0.154200638,0.162910128,0.162901308,0.166766169,0.162162162,0.116788321,0.05362776,0.03074141,0.019384265,0.013524264,0.009947338,0.007613077,0.006026232,0.004850214,0.004042806,0.003383085,439.1832053,439.3156391,439.5274058,439.7321815,439.9492475,440.1484905,440.3388245,440.5180773,440.6848593,440.8562507,441.0132868,441.1795954
0,520897.3706,3499419.115,0.27027027,0.109489051,0.047318612,0.036166365,0.074116306,0.088305489,0.100058514,0.120017913,0.123006026,0.130670471,0.146254459,0.165174129,0,0,0,0,0.007981756,0.009546539,0.00702165,0.010747873,0.023041475,0.032524964,0.04137931,0.041393035,0.027027027,0.00729927,0.003154574,0.001808318,0.001140251,0.000795545,0.000585138,0.000447828,0.000354484,0.000285307,0.000237812,0.000199005,460.8044665,460.8044665,460.804467,460.8051758,460.799113,460.7780759,460.7511268,460.7230216,460.6944026,460.6642001,460.6358833,460.6050686
1,527347.3706,3499569.115,0,0,0.009463722,0.034358047,0.036488027,0.031026253,0.0280866,0.033587103,0.033676001,0.031098431,0.030677765,0.030447761,0,0.03649635,0.034700315,0.070524412,0.099201824,0.135242641,0.160912815,0.170174653,0.173342786,0.186305278,0.197859691,0.204975124,0.702702703,0.437956204,0.230283912,0.141048825,0.090079818,0.062848051,0.046225863,0.035378415,0.028004254,0.02253923,0.018787158,0.015721393,429.92743,429.9274305,429.9277452,429.9410809,429.9807535,430.0420153,430.1233406,430.2154165,430.3126122,430.4164479,430.5160542,430.6277503
1,526597.3706,3495969.115,0,0,0,0,0,0,0,0,0,0,0.000475624,0.004577114,0,0,0,0.007233273,0.015963512,0.017501989,0.021650088,0.035378415,0.051045728,0.070185449,0.079191439,0.085572139,0.837837838,0.635036496,0.520504732,0.388788427,0.295324971,0.219570406,0.16442364,0.133452754,0.10740872,0.089871612,0.07824019,0.070248756,433.7040166,433.7041209,433.7057972,433.7103781,433.7179868,433.728618,433.7469071,433.7705636,433.7990249,433.8335627,433.8699259,433.9323199
0,527317.3706,3501999.115,0.135135135,0.058394161,0.025236593,0.014466546,0.009122007,0.007159905,0.008191925,0.006269592,0.007444169,0.006562054,0.005469679,0.004577114,0.054054054,0.291970803,0.350157729,0.392405063,0.411630559,0.46141607,0.507314219,0.510971787,0.507266927,0.518116976,0.529131986,0.529552239,0.054054054,0.03649635,0.034700315,0.027124774,0.018244014,0.012728719,0.0093622,0.007613077,0.006380716,0.006276748,0.005707491,0.004776119,426.67671,426.6767099,426.6767112,426.6747335,426.669749,426.6665768,426.6738181,426.7023509,426.7495719,426.8157077,426.8872233,426.9725777
1,510397.3706,3494589.115,0,0,0,0,0.001140251,0.000795545,0.000585138,0.000447828,0.00248139,0.005991441,0.011652794,0.015323383,0.108108108,0.080291971,0.050473186,0.063291139,0.077537058,0.089896579,0.115272089,0.123600537,0.135767458,0.143509272,0.151010702,0.151243781,0.243243243,0.065693431,0.028391167,0.016274864,0.010262258,0.007159905,0.005266238,0.004030452,0.003190358,0.00256776,0.002140309,0.001791045,449.35881,449.3496383,449.3184098,449.286075,449.2659293,449.2610058,449.2768898,449.333886,449.4368051,449.5864059,449.749651,449.9445101
0,565057.3706,3501969.115,0,0,0,0,0,0,0,0,0,0,0,0,0,0.109489051,0.154574132,0.202531646,0.220068415,0.211614956,0.204798128,0.219883565,0.234314073,0.22253923,0.205469679,0.184875622,0.324324324,0.226277372,0.100946372,0.057866184,0.036488027,0.025457438,0.0187244,0.014330497,0.011343495,0.009129815,0.007609988,0.006368159,332.9596978,332.9631902,332.9761688,332.9947394,333.0188316,333.0442045,333.0722422,333.1017897,333.1319964,333.1643313,333.1945843,333.2265708
0,535087.3706,3469629.115,0,0,0,0,0,0,0.000585138,0.002686968,0.003544842,0.002853067,0.002378121,0.00199005,0.72972973,0.781021898,0.634069401,0.566003617,0.588369441,0.62052506,0.665886483,0.699507389,0.716058135,0.735520685,0.752437574,0.763383085,0,0.087591241,0.135646688,0.160940325,0.123147092,0.085918854,0.063194851,0.048365428,0.038284296,0.030813124,0.02568371,0.021492537,437.4598207,437.4598179,437.4601701,437.4621658,437.4655953,437.47012,437.4791406,437.496256,437.5210642,437.5538384,437.589801,437.6358485
0,563467.3706,3509469.115,0,0,0,0,0,0,0,0,0,0,0,0,0.378378378,0.328467153,0.293375394,0.24954792,0.188141391,0.194908512,0.172615565,0.174652933,0.181141439,0.175463623,0.169084423,0.164975124,0.108108108,0.072992701,0.031545741,0.018083183,0.011402509,0.007955449,0.005851375,0.00447828,0.003544842,0.002853067,0.002378121,0.00199005,338.8055065,338.8055064,338.8052103,338.8032458,338.8007792,338.798976,338.7984928,338.7999932,338.8041203,338.8108873,338.8188958,338.8293804
0,559897.3706,3507669.115,0,0,0,0,0,0,0,0,0,0,0,0,0.027027027,0.058394161,0.135646688,0.171790235,0.169897377,0.163882259,0.156231714,0.145991939,0.132222616,0.120114123,0.114387634,0.109850746,0.189189189,0.051094891,0.022082019,0.012658228,0.007981756,0.005568815,0.004095963,0.003134796,0.00248139,0.001997147,0.001664685,0.001393035,350.1788182,350.1867718,350.2121366,350.2415013,350.2764391,350.3112537,350.3464438,350.3883857,350.4404406,350.5054034,350.5735484,350.6533348
1,549487.3706,3555879.115,0,0.109489051,0.072555205,0.04159132,0.02622577,0.024661893,0.035693388,0.042543663,0.047146402,0.05363766,0.05921522,0.065671642,0,0,0.034700315,0.056057866,0.057012543,0.063643596,0.083089526,0.085087326,0.081531372,0.083594864,0.080380499,0.07840796,0.162162162,0.04379562,0.031545741,0.019891501,0.012542759,0.008750994,0.006436513,0.004926108,0.003899326,0.003138374,0.002615933,0.002189055,377.7799971,377.7636195,377.745228,377.728737,377.7176902,377.7185394,377.7291477,377.7454207,377.7878347,377.8817223,378.0067316,378.1730037
0,551497.3706,3557379.115,0,0,0,0,0,0,0,0,0,0,0,0.000199005,0.054054054,0.087591241,0.126182965,0.153707052,0.18700114,0.241845664,0.293153891,0.333184057,0.375044311,0.392582026,0.397146254,0.386666667,0.243243243,0.094890511,0.041009464,0.023508137,0.014823261,0.010342084,0.007606788,0.005821764,0.004608295,0.003708987,0.003091558,0.002587065,373.2703074,373.2703056,373.3125039,373.400835,373.5438676,373.7415245,373.9829544,374.2494356,374.5363868,374.8539201,375.1592223,375.4939379
1,553567.3706,3559059.115,0,0,0,0,0,0.000795545,0.005851375,0.008508733,0.010989011,0.010556348,0.008799049,0.007363184,0.108108108,0.233576642,0.208201893,0.175406872,0.172177879,0.175815434,0.167349327,0.168383341,0.164835165,0.152924394,0.140309156,0.136318408,0.027027027,0.00729927,0.003154574,0.001808318,0.001140251,0.000795545,0.000585138,0.000447828,0.000354484,0.000285307,0.000237812,0.000199005,374.0099858,374.1487246,374.3834445,374.6339985,374.9202812,375.1994013,375.4787602,375.7640274,376.0458765,376.3358026,376.6139113,376.9192744
1,554227.3706,3560529.115,0,0,0,0.012658228,0.007981756,0.005568815,0.004095963,0.003134796,0.00248139,0.001997147,0.001664685,0.001393035,0.027027027,0.00729927,0.003154574,0.001808318,0.005701254,0.00477327,0.003510825,0.002686968,0.002126905,0.00171184,0.001426873,0.00119403,0.081081081,0.02189781,0.018927445,0.032549729,0.021664766,0.021479714,0.019894675,0.016121809,0.013115916,0.011982882,0.009988109,0.008358209,376.4630465,376.5105401,376.5633534,376.6120241,376.681781,376.7636986,376.8514328,376.9367882,377.0230298,377.121472,377.2168757,377.321567
1,554527.3706,3560529.115,0.108108108,0.051094891,0.022082019,0.012658228,0.007981756,0.005568815,0.004095963,0.003134796,0.00248139,0.001997147,0.001664685,0.001393035,0,0.02919708,0.015772871,0.01084991,0.006841505,0.00477327,0.003510825,0.002686968,0.002126905,0.00171184,0.001426873,0.00119403,0.243243243,0.109489051,0.05362776,0.037974684,0.030786773,0.025457438,0.02106495,0.016121809,0.013824885,0.011982882,0.009988109,0.008358209,376.2441217,376.2441224,376.2441234,376.2484912,376.2791842,376.3443915,376.4397597,376.5485199,376.6649736,376.7913991,376.9079984,377.0298919
1,554527.3706,3561429.115,0,0,0,0,0,0,0,0.000895656,0.002126905,0.001997147,0.001664685,0.001393035,0,0,0,0,0,0.000795545,0.000585138,0.000447828,0.001772421,0.00171184,0.001426873,0.00119403,0.162162162,0.04379562,0.028391167,0.027124774,0.027366021,0.025457438,0.022820363,0.02283923,0.024459412,0.020827389,0.017360285,0.014527363,376.455173,376.455171,376.4551704,376.4522692,376.4441046,376.4598075,376.5186522,376.6090461,376.7241475,376.8624764,377.0010512,377.1560145
1,554707.3706,3562239.115,0,0,0,0,0,0,0,0,0,0,0,0,0,0,0,0,0,0,0,0,0,0,0,0,0.351351351,0.138686131,0.075709779,0.056057866,0.035347777,0.024661893,0.018139263,0.014330497,0.013115916,0.010556348,0.009512485,0.008756219,377.3732811,377.3732834,377.373534,377.3892324,377.4303665,377.5000025,377.586546,377.6826976,377.7885988,377.9083149,378.0287914,378.1753498
1,553387.3706,3563499.115,0,0,0,0.014466546,0.015963512,0.016706444,0.014628438,0.011643529,0.00921659,0.007417974,0.006183115,0.006766169,0,0,0,0.005424955,0.010262258,0.011137629,0.011117613,0.008508733,0.009571074,0.007703281,0.00665874,0.006766169,0,0,0,0,0,0,0,0,0,0,0,0,398.8368984,398.8266252,398.7716592,398.6870293,398.582756,398.4756545,398.3650803,398.2516902,398.1331314,397.9892027,397.837723,397.6568068
1,550237.3706,3561909.115,0.351351351,0.197080292,0.154574132,0.13562387,0.10604333,0.097852029,0.090111176,0.08419167,0.084367246,0.079600571,0.077526754,0.081393035,0,0,0.009463722,0.005424955,0.007981756,0.019093079,0.017554125,0.018360949,0.016306274,0.016262482,0.0156956,0.015124378,0,0,0,0,0,0,0,0,0,0,0,0,403.5715588,403.7202304,403.9411098,404.1522897,404.3727235,404.5723247,404.7612951,404.935488,405.093127,405.2442929,405.3693141,405.4845234
0,555247.3706,3546729.115,0,0,0,0,0,0,0,0,0,0,0,0,0,0.03649635,0.015772871,0.018083183,0.044469783,0.046141607,0.052077238,0.071204657,0.096419709,0.124108417,0.14411415,0.15721393,0.054054054,0.080291971,0.044164038,0.025316456,0.015963512,0.011137629,0.008191925,0.006269592,0.004962779,0.003994294,0.00332937,0.00278607,332.4955205,332.4955208,332.4918681,332.4900663,332.5049052,332.5318528,332.5684189,332.6128645,332.6628131,332.7193477,332.7739217,332.833733
0,557677.3706,3546999.115,0,0,0,0,0,0,0,0.00223914,0.002126905,0.00171184,0.001426873,0.00119403,0.297297297,0.262773723,0.230283912,0.211573237,0.204104903,0.193317422,0.19016969,0.193461711,0.189649061,0.185734665,0.177883472,0.169353234,0.297297297,0.080291971,0.044164038,0.034358047,0.025085519,0.024661893,0.020479813,0.015673981,0.012406948,0.009985735,0.008323424,0.006965174,319.5147301,319.5393697,319.575437,319.6219387,319.6819427,319.7455456,319.8179282,319.8982595,319.9833954,320.0765946,320.1678222,320.272169
0,552637.3706,3551979.115,0,0,0,0,0,0.00318218,0.005266238,0.012091357,0.012406948,0.014265335,0.016646849,0.017512438,0,0,0,0,0,0,0,0,0.000354484,0.00171184,0.002378121,0.00318408,0,0,0,0,0,0,0,0,0,0,0,0,378.5536111,378.4601966,378.3480229,378.2469396,378.1420991,378.0483007,377.9646566,377.8947174,377.8467066,377.8019553,377.7556493,377.7020559
0,554017.3706,3553659.115,0,0,0,0,0,0.000795545,0.000585138,0.003582624,0.003899326,0.011126961,0.019976219,0.030248756,0,0,0,0.007233273,0.012542759,0.008750994,0.012287888,0.016121809,0.01843318,0.022824536,0.029488704,0.039402985,0,0,0,0,0,0,0,0,0,0,0,0,408.2037123,408.201625,408.1607279,408.035913,407.8542166,407.647156,407.3749665,407.0324687,406.6139962,406.0829872,405.5239146,404.8754397
1,559177.3706,3559329.115,0,0,0,0,0,0,0,0,0,0,0,0,0,0,0.009463722,0.021699819,0.025085519,0.043754972,0.045055588,0.038513211,0.039702233,0.037945792,0.032580262,0.027661692,0,0,0,0,0,0,0,0,0,0,0,0,383.5370195,383.5370196,383.5432961,383.6011511,383.6991508,383.8112577,383.9128376,384.001843,384.0777714,384.143298,384.1919556,384.2259343
0,556417.3706,3563859.115,0,0,0,0,0,0,0,0,0,0,0,0,0,0,0,0,0,0,0,0,0,0,0,0,0.081081081,0.02189781,0.009463722,0.005424955,0.003420753,0.002386635,0.001755413,0.001343484,0.001063453,0.00085592,0.000713436,0.000597015,366.9160288,366.9892514,367.3231314,367.7435355,368.2311443,368.7100634,369.1876046,369.6545476,370.0908442,370.5138686,370.8878833,371.277081
0,559537.3706,3547029.115,0,0,0,0,0,0,0,0,0,0,0,0,0.108108108,0.211678832,0.148264984,0.106690778,0.10604333,0.150357995,0.186073727,0.190326914,0.18539525,0.176319544,0.175267539,0.169353234,0.189189189,0.051094891,0.022082019,0.019891501,0.014823261,0.010342084,0.007606788,0.005821764,0.004608295,0.003708987,0.003091558,0.002587065,314.5979532,314.6124268,314.6303684,314.6475628,314.667159,314.6863385,314.7069409,314.7296958,314.7536904,314.7802016,314.8079178,314.8416165
0,558247.3706,3547209.115,0,0,0,0,0,0,0,0,0,0,0,0,0.054054054,0.233576642,0.29022082,0.238698011,0.21322691,0.217979316,0.231129315,0.244066279,0.239631336,0.210556348,0.195005945,0.180895522,0.297297297,0.087591241,0.03785489,0.03074141,0.027366021,0.024661893,0.020479813,0.015673981,0.012406948,0.009985735,0.008323424,0.006965174,317.3525704,317.3924046,317.4513381,317.511328,317.5802763,317.6478181,317.7156018,317.7860964,317.8602635,317.9466389,318.035711,318.1392076
