HYAR,x,y,Slope_100,Slope_200,Slope_300,Slope_400,Slope_500,Slope_600,Slope_700,Slope_800,Slope_900,Slope_1000,Slope_1100,Slope_1200,Water_100,Water_200,Water_300,Water_400,Water_500,Water_600,Water_700,Water_800,Water_900,Water_1000,Water_1100,Water_1200,PREC_100,PREC_200,PREC_300,PREC_400,PREC_500,PREC_600,PREC_700,PREC_800,PREC_900,PREC_1000,PREC_1100,PREC_1200
0,479077.3706,3505989.115,6.847414906,7.501959325,9.036749708,9.166539074,9.698353526,9.790371432,9.905878994,10.19705352,10.37282706,10.5654595,10.71325989,10.67542757,0,0,0,0,0,0,0,0,0,0,0,0,405.1597636,405.1597568,405.1597551,405.160393,405.1756166,405.2169753,405.2822375,405.373062,405.4872359,405.626959,405.7710474,405.93922
1,477997.3706,3520629.115,4.331535906,5.529592347,6.506543924,7.069605257,8.131998128,9.873898676,11.52813592,12.76262755,13.40160817,14.47580452,15.03871144,14.90801498,0.108108108,0.02919708,0.012618297,0.007233273,0.004561003,0.00318218,0.00234055,0.001791312,0.001417937,0.001141227,0.000951249,0.00079602,484.1651537,484.0259341,483.8000379,483.5750307,483.3202822,483.0523185,482.7424981,482.3966898,482.030185,481.6151255,481.1863711,480.6849233
0,531037.3706,3516369.115,10.06614854,10.05209885,8.850953532,8.501088975,7.884589872,7.378839186,7.011403919,6.645216178,6.444593539,6.273499446,6.268850744,6.182230004,0,0,0,0,0,0,0,0,0,0,0,0,421.5225352,421.4995888,421.451586,421.3895958,421.3113646,421.2313768,421.1469711,421.0603504,420.9740286,420.8863368,420.8087156,420.7332306
1,531697.3706,3514059.115,3.217893517,3.510728659,3.906379647,3.935000376,4.269796156,4.4526985,4.520616394,4.46017297,4.498805236,4.480698668,4.518071535,4.60500881,0,0,0,0,0,0,0,0,0,0,0,0,413.5825542,413.5805711,413.5718991,413.5613633,413.5499179,413.5395545,413.5312775,413.5253259,413.5216341,413.5196418,413.5176089,413.5146741
0,536017.3706,3514059.115,3.958748399,3.628283613,3.719223046,3.787036232,3.88280035,3.960221095,3.994291601,4.062667254,4.136481607,4.25476503,4.295694715,4.269486596,0,0,0,0,0,0,0,0,0,0,0,0,391.3192675,391.319266,391.3192605,391.3198636,391.3271028,391.3402034,391.3573277,391.3759323,391.394601,391.4136031,391.4297474,391.4433353
1,534337.3706,3517029.115,6.813963036,5.336680394,5.13957888,4.897211684,4.624892559,4.614905502,4.650971682,4.690392634,4.629366406,4.61297397,4.592182069,4.493310533,0,0.02189781,0.041009464,0.032549729,0.020524515,0.014319809,0.010532475,0.008060905,0.006380716,0.005135521,0.004280618,0.00358209,402.5847877,402.5847854,402.5847831,402.5851902,402.5953532,402.6182804,402.6529332,402.69482,402.7416089,402.7940975,402.8443816,402.899034
1,537217.3706,3510699.115,3.971836577,4.931253434,4.852741284,4.489360084,4.513591779,4.315484902,4.389642243,4.590760791,4.779709204,4.887044379,4.99539891,5.076847605,0,0,0,0,0,0,0,0,0,0,0,0,389.3108174,389.2901634,389.2284197,389.1555847,389.0703063,388.9857772,388.9011254,388.8200074,388.7473114,388.6790371,388.6169804,388.5499637
0,536227.3706,3506949.115,5.865369858,4.948613379,4.784087947,5.090867599,5.272500873,5.315948646,5.386778007,5.379716799,5.296423078,5.329268382,5.33153635,5.302666088,0,0,0,0,0,0,0,0,0,0,0,0,404.5633966,404.5563735,404.5415209,404.5183062,404.4788605,404.4327863,404.383302,404.3370999,404.2971163,404.2606741,404.2303313,404.2028951
1,537907.3706,3505059.115,5.278194345,5.737452008,5.484224257,5.425184426,5.634794993,5.6744943,5.77474549,5.813365922,5.810823884,5.835656586,5.882363797,5.855180688,0,0,0,0,0,0,0,0,0,0,0,0,412.0934687,412.0800051,412.0654387,412.0503222,412.0180612,411.9706349,411.9137379,411.8507325,411.783154,411.7079611,411.6331332,411.5493584
0,540847.3706,3511389.115,6.355314289,6.53220271,8.007447814,8.757221281,9.442094521,9.274917611,9.276972665,9.327937162,9.214010781,8.985235781,8.948216202,8.916151828,0,0,0,0,0,0,0,0,0,0,0,0,371.4223979,371.4223958,371.419794,371.4131059,371.4054564,371.403812,371.4135817,371.4378882,371.4753364,371.5262694,371.580819,371.6453321
0,537337.3706,3513939.115,4.326488894,4.416764419,4.382758815,4.212098478,4.105201766,4.155237584,4.103575507,4.166537472,4.232683989,4.234432713,4.289667485,4.359968515,0,0,0,0,0,0,0,0,0,0,0,0,385.1016409,385.1016391,385.0976396,385.0739624,385.0370877,384.9975636,384.9666531,384.9466327,384.9360612,384.9326651,384.9349056,384.9424911
1,537967.3706,3516399.115,4.419721789,4.765174376,4.621406068,4.337748209,4.37955429,4.505083686,4.567215695,4.570467881,4.569527249,4.531069247,4.506088924,4.479746412,0,0,0,0,0,0,0.000585138,0.006269592,0.020914569,0.035378031,0.040428062,0.044577114,385.8090441,385.8149454,385.8270379,385.8400471,385.8555526,385.8713692,385.8875942,385.9058497,385.9259949,385.9473191,385.9677629,385.9902051
1,539167.3706,3518949.115,4.131601401,4.822284246,5.271893498,5.429877991,5.231242605,5.136857149,5.02219434,4.881905991,4.865614684,4.878032049,4.860523756,4.878618272,0,0,0,0,0,0.005568815,0.008191925,0.010747873,0.010280043,0.008273894,0.006896552,0.007164179,384.7392322,384.7392331,384.7390343,384.7223496,384.677711,384.6175237,384.5492824,384.478359,384.4083805,384.3373038,384.2752382,384.2145063
0,539677.3706,3523719.115,3.617892124,3.770006487,4.695678087,5.600845165,5.779426696,5.937709549,6.269206751,6.804800063,6.921799175,6.761338256,6.750964032,6.730298648,0.297297297,0.452554745,0.47318612,0.459312839,0.441277081,0.406523469,0.365125805,0.323779669,0.28855016,0.255920114,0.230677765,0.20358209,391.3585914,391.3581492,391.3502416,391.3385259,391.3243747,391.3098152,391.2950449,391.2788324,391.2588686,391.233216,391.2049958,391.1696179
1,541057.3706,3526449.115,3.874435636,5.538696864,6.454450761,6.635069636,6.765966738,6.865363759,7.072544603,7.337446447,7.729072171,7.907034482,8.01990199,8.135575696,0.702702703,0.547445255,0.362776025,0.256781193,0.193842645,0.15433572,0.132241077,0.113300493,0.101028004,0.089871612,0.082045184,0.074029851,378.5790512,378.5052684,378.3831926,378.232194,378.051622,377.8712856,377.6894343,377.5171704,377.3935434,377.3383629,377.3477561,377.4130484
1,547717.3706,3514089.115,4.424712212,4.055820817,4.63933638,4.310037191,4.364733993,4.435422262,4.52149938,4.642537334,4.933714435,5.25310981,5.42932258,5.585962225,0,0,0,0,0,0,0,0,0,0,0,0,390.7857493,390.7857468,390.7857447,390.7846399,390.7796818,390.7853418,390.7989078,390.8116195,390.8238214,390.8352564,390.8456384,390.8568675
0,547987.3706,3505149.115,6.724577044,7.07004777,7.13496143,7.717700973,8.115363968,8.631006767,9.722183273,10.7908342,11.54334249,12.11663596,12.51908609,12.82898577,0,0,0,0,0,0,0,0,0,0,0,0,414.585257,414.5852588,414.6153179,414.6939903,414.8147562,414.9518995,415.099204,415.2403384,415.3643307,415.4712905,415.541334,415.5746866
1,552727.3706,3505269.115,18.49717671,16.8063594,15.26574144,14.42963714,13.65199201,13.41571546,13.42078633,13.80282375,14.9775919,16.69749145,17.60190007,18.41736497,0,0,0,0,0,0,0,0,0,0,0,0,404.9444696,404.9444707,404.9135804,404.8310361,404.7193715,404.5997102,404.4844349,404.3870075,404.295948,404.2014129,404.1063865,403.9928356
1,552877.3706,3508329.115,3.981961506,3.994046625,4.176669522,4.278153701,4.55433805,5.138373287,5.349981476,5.425412652,5.434031658,5.386158247,5.469477061,5.62970019,0.027027027,0.00729927,0.003154574,0.001808318,0.001140251,0.000795545,0.000585138,0.000447828,0.000354484,0.000285307,0.000237812,0.000199005,391.1182441,391.2420855,391.4291379,391.6127329,391.8182453,392.0165471,392.2129821,392.4143606,392.6190304,392.8442361,393.068884,393.3251901
0,552037.3706,3509079.115,5.652120722,4.747318778,4.774363457,4.780914709,4.704830437,4.581297643,4.711023662,4.803012034,4.793351861,4.832458253,4.885533147,4.973453242,0,0,0,0,0,0,0,0,0,0,0.001664685,0.003781095,392.5624447,392.6278043,392.7348925,392.8420766,392.9638339,393.0828569,393.201698,393.3254431,393.452006,393.603206,393.7686687,393.9706054
0,548677.3706,3515589.115,6.072062167,6.321338675,6.402444269,6.074674473,6.388525367,6.977614445,7.420939938,7.780094877,8.20550265,8.697615573,9.585601482,10.10417088,0,0,0,0,0,0,0,0,0,0,0,0,399.260291,399.1964851,399.1309875,399.1124712,399.1157903,399.1373534,399.1926994,399.2751205,399.3806074,399.508737,399.6337119,399.7811474
0,547237.3706,3512979.115,4.425212306,4.587033508,4.332378486,4.314355798,4.244322487,4.195139876,4.167932007,4.153758137,4.173388875,4.207822786,4.233020026,4.304388433,0,0,0,0,0,0,0,0,0,0,0,0,385.3100446,385.3135077,385.3282813,385.3455312,385.3638701,385.3803265,385.3955335,385.4076546,385.4169934,385.4275135,385.4420486,385.4631568
0,545857.3706,3493299.115,10.27628302,13.57566073,12.54945935,12.46556218,11.48510502,11.15087016,11.05802025,11.02294322,10.88237885,11.14427313,11.09417985,10.8478761,0,0,0,0,0,0,0,0,0,0,0,0,415.2076936,415.2586833,415.3412883,415.4267539,415.5227462,415.6151671,415.7067869,415.7990638,415.8897643,415.9844813,416.0751388,416.1808488
0,544837.3706,3492279.115,7.539574111,9.171058398,9.49177721,9.704397327,9.340799763,9.187187505,9.213486978,9.085621288,8.911780791,8.834878503,8.841459608,8.784459557,0.081081081,0.03649635,0.034700315,0.037974684,0.041049031,0.043754972,0.040374488,0.032243618,0.025522864,0.020542083,0.017122473,0.014328358,430.5169307,430.5169332,430.5168337,430.5190461,430.5230674,430.5283304,430.5397561,430.5567625,430.5771779,430.6012906,430.6258434,430.6564177
0,546427.3706,3488889.115,5.128014614,6.559900689,7.754100604,8.293306312,9.032631603,9.660134922,10.43031573,10.69993234,10.83811804,10.85447626,11.16417707,11.31002312,0.054054054,0.131386861,0.126182965,0.099457505,0.086659065,0.07557677,0.066705676,0.05687416,0.046082949,0.037089872,0.032104637,0.030646766,439.8564577,439.8636049,439.876074,439.8996027,439.9309572,439.9613759,439.977056,439.9770239,439.96438,439.9411277,439.912916,439.8777255
1,548617.3706,3489549.115,8.994910044,7.984530855,8.55887613,9.020067934,9.323652239,9.474785113,9.363539723,9.340204469,9.372185722,9.291972626,9.104942741,9.065164425,0,0,0,0,0,0,0,0,0,0,0.001426873,0.00278607,434.354545,434.3545472,434.3535324,434.3513351,434.3561838,434.3733828,434.4001709,434.43101,434.4640775,434.4999522,434.5322888,434.5631258
0,541297.3706,3486819.115,5.496498042,6.304915801,8.204364276,8.977644836,10.11666258,10.97557834,12.02254929,13.07585974,14.3066566,15.72803147,16.47049947,17.35433909,0,0,0,0,0,0,0,0,0,0,0,0,469.4341233,469.4398095,469.4299475,469.4063025,469.3741169,469.3390191,469.300175,469.2515758,469.192203,469.1184119,469.0373622,468.9372194
0,541897.3706,3486099.115,5.318096585,6.569555977,7.805451068,8.575539811,9.337962461,9.688919374,10.21357727,11.57247756,13.35860296,14.80756967,16.07731839,17.6041049,0,0,0,0,0,0,0,0,0,0,0,0,466.406198,466.3616217,466.3006784,466.2427041,466.1782149,466.11653,466.0557426,465.9934644,465.9287556,465.8616492,465.7990468,465.7300121
1,542167.3706,3483939.115,5.505613588,5.496489314,6.699423229,7.141014784,7.873936396,8.833141075,9.234179758,9.837284367,10.62924341,11.78638553,13.04826449,14.16861361,0,0,0,0,0,0,0,0,0,0,0,0,461.5708494,461.5708485,461.5723642,461.5743136,461.5757158,461.5762024,461.577898,461.580288,461.5820144,461.5833213,461.5839491,461.5846228
0,540877.3706,3482889.115,6.032872298,9.004251955,7.559947679,7.008525868,6.761792606,6.66753094,6.692502789,6.842315653,6.850702001,6.753341811,6.688743011,6.692818958,0,0,0,0,0,0,0,0,0,0,0,0,454.553574,454.5535719,454.553675,454.5619672,454.5802249,454.6040505,454.634679,454.670452,454.7094949,454.752565,454.7936439,454.8388164
1,544717.3706,3483279.115,12.7910065,12.78821244,14.87021714,16.73007356,16.72747193,17.37119039,18.56478291,19.73915293,20.43981429,20.92347093,20.83940904,20.85028058,0,0,0,0,0,0,0,0,0,0,0,0,467.8082193,467.7479355,467.6817989,467.6219507,467.5475272,467.4621724,467.3669079,467.2651635,467.1613357,467.0507036,466.941221,466.8168956
1,546277.3706,3483279.115,7.959436734,9.273765905,9.6244053,10.572469,10.67653585,10.6526165,10.90710389,11.03030124,11.28470064,11.96079896,12.5753843,13.36692918,0,0,0,0,0,0,0,0,0,0,0,0,468.1976854,468.175558,468.1515576,468.129906,468.1066892,468.0861281,468.0670424,468.047614,468.0285863,468.0086162,467.985948,467.9567434
1,547477.3706,3482049.115,27.22899616,29.63379839,26.92785873,25.94756619,25.50182426,25.96529425,26.59238754,26.80321992,26.33831586,26.33322258,25.66999702,24.91028738,0,0,0,0,0,0,0,0,0,0,0,0,476.9958183,476.9702601,476.9419628,476.9161709,476.8864959,476.8568468,476.8245884,476.7829234,476.7323209,476.6671072,476.5959609,476.5100549
1,548377.3706,3482979.115,6.225872993,10.96657171,12.40611323,13.92375495,14.8373017,16.29130601,17.70692785,18.07830726,18.49741419,18.80708726,18.84411777,18.79236092,0,0,0,0,0,0,0,0,0,0,0,0,471.6989829,471.6942228,471.684972,471.6779328,471.674929,471.6749177,471.6762874,471.6721737,471.6563589,471.6276776,471.5928285,471.5495792
0,552067.3706,3499629.115,3.790506361,6.513827218,9.114857622,8.898264226,8.769006892,8.838486923,8.364765366,8.160399149,8.196489518,8.32233931,8.688809986,8.920946207,0.459459459,0.364963504,0.255520505,0.200723327,0.160775371,0.128082737,0.120538327,0.117778773,0.113080468,0.102710414,0.096313912,0.087164179,361.5844768,361.5700806,361.5432529,361.5198941,361.5029874,361.4958616,361.4983221,361.5180074,361.5509121,361.5960844,361.6473631,361.7108827
0,554947.3706,3500019.115,5.346737456,6.37221738,7.516904642,8.765904755,9.472998907,9.860532319,9.905771231,9.882694656,9.608758107,9.265005195,9.049096214,8.91209867,0,0,0,0,0,0,0,0,0,0,0,0,345.379303,345.4407353,345.5393658,345.637695,345.7566481,345.8846141,346.0210208,346.16408,346.3081583,346.4594084,346.6011808,346.7519768
0,556747.3706,3499809.115,4.739027265,5.946205309,6.287894268,6.625721415,6.573525321,6.404755993,6.625185543,6.709701434,6.71793769,6.631251714,6.717740203,6.747161093,0,0,0.006309148,0.016274864,0.014823261,0.010342084,0.007606788,0.005821764,0.004608295,0.003708987,0.003091558,0.002587065,339.3189491,339.3365198,339.4664711,339.6385954,339.8394705,340.0367199,340.2330493,340.4224589,340.6004374,340.7748385,340.9281029,341.0855923
0,542737.3706,3481719.115,5.745846141,6.0132799,5.945125092,5.580170941,5.583832701,5.62763603,5.682492533,5.693153332,5.971607089,6.248364825,6.461508554,6.761703513,0,0,0,0,0,0,0,0,0,0,0,0,455.1303389,455.1440427,455.1589992,455.1742945,455.1952643,455.2178233,455.2407617,455.2619122,455.2831975,455.3084115,455.3351494,455.3671144
1,540037.3706,3470229.115,9.308259088,6.730747271,6.128095903,6.260098984,6.089975723,6.01856149,5.745496988,5.655470564,5.662109588,5.649309077,5.5515429,5.557545467,0.216216216,0.284671533,0.283911672,0.276672694,0.215507412,0.177406523,0.148039789,0.130765786,0.138248848,0.135235378,0.122235434,0.107860697,432.0228758,432.0238892,432.0256732,432.0275533,432.033368,432.0465009,432.0658337,432.0888616,432.1146181,432.1438364,432.1726622,432.2051276
0,540457.3706,3474429.115,4.219373825,4.782077755,4.757372114,4.810633609,5.040743803,5.082456977,5.215308991,5.316708735,5.339060173,5.306362317,5.319516211,5.416871841,0,0,0,0,0,0,0,0,0.000708968,0.009700428,0.012604043,0.011144279,436.2079979,436.2194619,436.2345085,436.2486494,436.264561,436.2799332,436.2950284,436.3106017,436.3271426,436.3469324,436.3680615,436.3931261
0,541987.3706,3476949.115,6.593182764,6.307834652,6.02095686,6.026425711,6.049337141,5.892766738,5.959806958,5.990987089,6.072857753,6.17047316,6.281951992,6.39326412,0,0,0,0,0,0,0,0,0,0,0,0.001791045,439.8652938,439.8709296,439.8953136,439.9295803,439.9716566,440.0148724,440.0595683,440.1061469,440.1557032,440.2153152,440.2778277,440.3513512
1,538927.3706,3480279.115,4.081213624,4.897496165,5.757046342,5.677349043,5.583978667,5.626709162,5.551101003,5.507145209,5.526094893,5.553401721,5.559733692,5.594487544,0,0.00729927,0.094637224,0.088607595,0.057012543,0.039777247,0.029256875,0.023287058,0.021978022,0.021968616,0.021878716,0.018706468,445.7922528,445.7929171,445.7992553,445.8104709,445.8249028,445.8401928,445.8564908,445.8770185,445.9006552,445.9277698,445.9560971,445.9899253
0,533617.3706,3480849.115,4.549867785,5.945239939,5.611848989,5.778948039,5.910226808,5.74399651,6.175898435,6.480066552,6.601014598,6.870922721,7.193121184,7.492148322,0,0,0,0,0,0,0,0,0,0,0,0,458.3937733,458.3937757,458.3937756,458.3935698,458.3884058,458.3749387,458.3606201,458.3476891,458.3366059,458.3274831,458.3209785,458.3162811
0,533617.3706,3476529.115,8.769762696,7.944348357,8.485475148,8.367481051,8.513278635,8.650031638,8.780032427,8.94036474,8.895862029,8.728582765,8.633647877,8.542849779,0,0,0,0,0,0,0,0,0,0,0,0,461.5395928,461.5395933,461.5373179,461.5261851,461.5094277,461.4909425,461.4714499,461.4501268,461.4264524,461.3996007,461.3730463,461.343199
1,539347.3706,3472329.115,5.387072051,4.524503955,4.488015321,4.677697587,4.918852218,5.085263084,5.228194896,5.317154377,5.406448928,5.457170697,5.551200915,5.514046115,0,0,0.025236593,0.066907776,0.0672748,0.066825776,0.067875951,0.062248097,0.058489897,0.054493581,0.053983353,0.055522388,433.6703104,433.670336,433.6709847,433.6773116,433.6895042,433.7053963,433.7266581,433.7519803,433.7801032,433.8114894,433.8419886,433.8765547
0,543127.3706,3472179.115,11.81239726,14.14506731,14.58365544,13.98263477,13.42643658,13.14393201,12.57297174,12.01309339,11.47586834,11.38787956,11.15176311,10.88109812,0,0,0,0,0,0,0,0,0,0,0,0,440.0300243,440.0272872,440.0243332,440.0210152,440.0136219,440.004024,439.9930146,439.9809161,439.9681283,439.9540784,439.9395324,439.9224233
0,545497.3706,3474699.115,10.86148509,8.555682037,9.676571861,10.37925461,11.44946161,11.19104968,11.087826,10.92067543,10.73955461,10.62918942,10.37951497,10.05012965,0,0,0,0,0,0,0,0,0,0,0,0,448.8502321,448.85023,448.850157,448.8496373,448.8508556,448.8525774,448.8544073,448.8592663,448.8680474,448.8806157,448.8949331,448.9130091
1,545077.3706,3477909.115,10.9283646,11.12851296,9.359436801,8.366140597,8.13370901,8.204312201,8.136485855,8.089456791,7.98593233,7.931100308,7.947401598,7.886568686,0,0,0,0,0,0,0,0,0,0,0,0,455.226485,455.2472147,455.278258,455.310307,455.3467133,455.3819369,455.4168543,455.4526881,455.4903253,455.5322245,455.5732717,455.6183963
0,545077.3706,3480009.115,12.43681193,12.71913422,13.54068675,14.41242452,14.36619797,14.18884927,13.70302927,12.62312018,11.97244406,11.75292388,11.82452254,11.81525554,0,0,0,0,0,0,0,0,0,0,0,0,461.6852095,461.6976098,461.7135605,461.7284842,461.7447746,461.7584162,461.7701466,461.7822373,461.7968414,461.8185144,461.8454203,461.8802719
1,551767.3706,3476949.115,0.161312561,2.391942907,5.111049459,6.676076455,7.80867616,8.952797866,10.28330822,11.71282904,12.82259574,13.74080489,14.35452577,14.86451124,1,0.781021898,0.567823344,0.444846293,0.348916762,0.292760541,0.23698069,0.191670399,0.155618575,0.126676177,0.109869203,0.093134328,479.0992811,479.1025455,479.1128334,479.1260786,479.1434197,479.1627629,479.1855406,479.2100411,479.2343418,479.2576983,479.2769534,479.2955975
0,553297.3706,3476799.115,18.10867241,15.14209148,14.10699841,13.05426039,13.18674025,13.67179281,13.57500674,13.31321985,12.85526118,12.45305989,12.25116031,12.14105738,0,0,0,0,0,0,0,0.000895656,0.004962779,0.016547789,0.021403092,0.024079602,482.9301172,482.9016389,482.8620282,482.8011003,482.7225539,482.6417206,482.5639685,482.4921979,482.4276025,482.366955,482.318195,482.2758208
0,477307.3706,3478719.115,23.24117782,18.44386169,17.42798016,18.8253804,19.38398942,19.22065892,19.65829505,20.50844888,21.66010377,22.62519293,23.39683442,23.9714033,0,0,0,0,0,0,0,0,0,0,0,0,493.8157373,493.809765,493.7717204,493.7724484,493.8177553,493.8954539,494.0121869,494.1552761,494.3114892,494.476165,494.6270605,494.7951804
0,476467.3706,3480969.115,9.818612666,8.601940758,9.719261008,10.4732355,13.13323529,15.62109709,17.09277023,17.64152986,17.89402892,18.1735734,18.56813569,18.6289853,0,0,0,0,0,0,0,0,0,0,0,0,502.6306474,502.6306482,502.6638292,502.7885925,502.985113,503.2237034,503.4849344,503.7548737,504.0247549,504.3040412,504.5619074,504.8356597
1,476707.3706,3483489.115,8.66032342,12.30265607,17.65984746,19.49831105,21.18242376,21.75683432,21.89724213,22.46554397,22.62061365,22.54484433,22.58338647,22.5827189,0.081081081,0.02189781,0.009463722,0.005424955,0.003420753,0.002386635,0.001755413,0.001343484,0.001063453,0.00085592,0.000713436,0.000597015,506.7134944,506.7134965,506.7134415,506.7060477,506.6951927,506.6960882,506.7098844,506.721989,506.7287439,506.728736,506.7234973,506.7123516
1,475747.3706,3485979.115,7.765120545,7.513041806,8.975681501,11.27253812,12.46661258,13.19898498,14.30204955,15.4869407,16.53373513,17.66573768,18.60933665,19.19932239,0,0,0,0,0,0,0,0,0,0,0,0,491.2306791,491.2022155,491.1710489,491.1367764,491.0937111,491.0511094,491.0094826,490.9691319,490.9306202,490.8943058,490.8717657,490.8596719
0,473197.3706,3487959.115,3.393350334,8.492302093,9.84359765,9.668133618,10.10110522,10.35834577,10.47390193,10.11182457,9.859171424,9.810201223,9.692030186,9.451727886,0,0,0,0,0,0,0,0,0,0.002282454,0.007609988,0.008358209,479.4020023,479.4313985,479.5052354,479.5888626,479.6880936,479.7888248,479.8920999,480.0024553,480.1158421,480.2456046,480.3926365,480.5759862
0,474247.3706,3482979.115,5.882908127,7.834621574,10.80349471,12.1636763,13.27235664,13.87680434,14.73970612,14.96305894,15.22919738,15.46900519,15.61648093,15.99305613,0,0,0,0,0,0,0,0,0,0,0,0,508.0244586,508.0244626,508.0169948,507.9873704,507.9596075,507.9402352,507.9258748,507.9099406,507.8871301,507.8563262,507.8228178,507.7838622
0,474277.3706,3479559.115,7.355436074,9.941633154,10.33937017,12.19244907,13.54799746,14.89753652,15.58126173,16.02371051,16.47393897,17.34866874,18.01237448,18.31184088,0,0,0,0,0,0,0,0,0,0,0,0,521.5056301,521.4072119,521.2810885,521.1630507,521.0267818,520.8915018,520.7543312,520.6116269,520.4685513,520.314007,520.1524888,519.9552477
1,474067.3706,3481059.115,17.60049635,17.09628834,16.7461956,18.50881042,20.51378433,21.67517014,22.67683291,23.53795745,23.48704771,23.7232579,23.55734268,23.30733262,0,0,0,0,0,0,0,0,0,0,0,0,520.162304,520.1623058,520.1944112,520.2708311,520.3772062,520.4913595,520.606518,520.7034849,520.7790506,520.8375797,520.8732821,520.8875471
0,472867.3706,3483669.115,5.387533022,6.455726581,6.71236332,7.295343769,7.235587215,7.149402937,7.408291695,8.145030908,9.204005768,9.990963626,10.63466683,11.25296814,0,0,0,0,0,0,0,0.003582624,0.008507621,0.006847361,0.005707491,0.004776119,501.1465174,501.1465247,501.1609455,501.2203611,501.3098294,501.4285404,501.6098922,501.8536889,502.1463803,502.4920594,502.8398375,503.2447135
1,471157.3706,3485349.115,10.3726924,14.92544197,15.96884954,17.16130864,17.44706908,17.39074994,17.55060835,17.80651448,18.16368475,18.74547105,19.16173711,19.32858163,0,0,0,0,0,0,0,0,0,0,0,0,517.0304236,517.0304249,517.0305854,517.0568251,517.1529142,517.2964983,517.4677756,517.6357379,517.7903457,517.933527,518.0538971,518.1701722
1,470827.3706,3487359.115,8.536277906,8.398496206,8.648901254,8.870561103,9.59260681,10.64953168,11.93595606,12.5477678,12.73864693,12.83078946,12.7844956,12.56597963,0,0,0,0,0,0,0,0,0,0,0,0,505.2760967,505.285144,505.3051109,505.3264931,505.3515602,505.3841483,505.4266316,505.4730107,505.518863,505.5667487,505.6142811,505.6689845
0,469567.3706,3487389.115,4.080319545,7.749079425,10.12608939,10.33623553,10.54502435,11.1321859,11.17522627,11.2555972,11.29710453,11.44136092,11.88457964,12.53080815,0,0,0,0,0,0,0,0,0,0,0,0,521.1407867,521.1407943,521.1408112,521.1412698,521.1548005,521.2033266,521.2785899,521.3675595,521.4647157,521.570187,521.667609,521.7688099
1,468607.3706,3483819.115,13.23002842,18.67093528,19.09464245,19.18394398,19.87511806,19.93308505,19.61654923,19.84453196,20.1514889,19.98730119,20.0542482,20.2680337,0,0,0,0,0,0,0,0,0,0,0,0,545.4792827,545.4792797,545.4768563,545.3930507,545.1741794,544.8693073,544.4947877,544.103555,543.7074437,543.2930361,542.9077447,542.5017501
0,469597.3706,3482079.115,11.04314784,13.34849786,17.16100004,16.98304168,17.04902212,17.56608084,17.38002875,17.33304205,17.33776326,17.62152568,18.11945232,18.47456935,0,0,0,0,0,0,0,0,0,0,0,0,522.2121104,522.2121074,522.2253618,522.2657334,522.3108255,522.3648924,522.4338655,522.5099881,522.5899717,522.6743995,522.7473146,522.8115494
1,467077.3706,3484449.115,6.612195988,6.959585283,9.152577639,9.891616752,9.9642961,10.00698396,10.75928975,12.06064549,13.84125384,14.9765857,15.79565813,16.16090666,0,0,0,0,0,0,0,0,0,0,0,0,539.9470132,539.9470041,539.9469943,539.9461904,539.950776,539.9775997,540.0306108,540.0796755,540.118257,540.1435627,540.1557287,540.1576035
0,465427.3706,3485049.115,12.43472197,17.51373924,17.78809496,16.98978595,15.82501146,15.54250552,15.47050493,15.10976077,14.86802557,14.99261608,15.0966248,15.18332766,0,0,0,0,0,0,0,0,0,0,0,0,537.1738314,537.0477602,536.9121515,536.8313177,536.7612195,536.7041829,536.6568801,536.6064222,536.5593366,536.5173976,536.4795162,536.441517
0,463627.3706,3483879.115,10.45816333,14.18989489,19.35264717,18.61513921,17.43197999,16.99463921,16.19364658,15.93121884,15.8247298,15.9773875,16.2573647,16.75295246,0,0,0,0,0,0,0,0,0.000708968,0.001141227,0.000951249,0.00079602,525.5837765,525.6179778,525.6578644,525.7158425,525.8022929,525.8982412,526.00225,526.1221732,526.2546892,526.3939257,526.5186463,526.6476002
1,462007.3706,3482709.115,6.688777278,9.78154694,10.22287524,11.92601089,13.69839675,15.78939593,17.2597013,17.84026319,18.34993187,18.91801459,19.01282916,19.20830656,0,0,0,0,0,0,0,0,0,0,0,0.000597015,513.1868072,513.1828584,513.1786144,513.1747779,513.1782053,513.1976549,513.2405225,513.3005121,513.3659019,513.4231389,513.4655605,513.5017684
1,460027.3706,3481179.115,6.3528885,5.879619767,6.755876222,6.725659031,7.019835447,7.227321866,7.441762732,7.616416401,7.921736568,8.117719883,8.468744184,8.913868356,0,0,0,0,0,0,0,0,0,0,0,0,472.6627923,472.6627906,472.6784744,472.7395696,472.8397543,472.9689476,473.119667,473.2941865,473.5065119,473.7664282,474.0324211,474.3364259
1,465847.3706,3487209.115,4.12450108,4.618735647,4.638332329,5.111198414,5.865261045,6.581839589,7.202120839,7.656726814,8.121866691,8.422031412,8.873298452,9.415733617,0,0,0,0,0,0,0,0,0,0,0,0,544.3170183,544.3229882,544.3483894,544.3230924,544.2151697,544.0575084,543.8679816,543.6585866,543.4344593,543.1889592,542.9542409,542.6985306
0,465427.3706,3489069.115,6.291152393,8.297452779,9.664582438,12.22650617,15.28141858,17.67214128,19.07991655,19.92390566,19.78554871,19.4244319,19.07034736,18.87978734,0,0,0,0,0,0,0,0,0,0,0,0,534.5979499,534.5979543,534.5896897,534.5208453,534.3804811,534.1995639,533.9758236,533.7042715,533.3980725,533.0526664,532.7123063,532.3161459
0,465847.3706,3490329.115,12.13560671,12.61781012,15.35872073,15.62849179,15.90785755,15.92219673,16.05564201,16.25789025,16.73609827,16.9078909,17.12983758,17.42098619,0,0,0,0,0,0,0,0,0,0,0,0,510.7252131,510.7292995,510.7535828,510.7862369,510.8267669,510.8687043,510.9099831,510.9362626,510.9431694,510.9315768,510.9143485,510.893607
1,463927.3706,3489279.115,10.20148524,13.31190059,13.64792602,13.18031661,13.26131806,13.49073555,13.37233402,13.21732158,13.25874037,14.38692523,15.25058042,15.8596367,0,0,0,0,0,0,0,0,0,0,0,0,536.68363,536.6836325,536.683634,536.6828829,536.6820588,536.6550367,536.5721218,536.4493454,536.2902189,536.0939148,535.890118,535.6486605
1,540187.3706,3539379.115,3.557914379,3.633501681,4.296194543,4.541300596,5.395243224,6.11933362,6.718293076,6.981226318,7.094126941,7.242232873,7.283512305,7.336001093,0.513513514,0.394160584,0.353312303,0.379746835,0.304446978,0.246618934,0.200117028,0.170174653,0.149237859,0.134379458,0.124851367,0.114626866,357.7585466,357.8352267,357.9308843,358.0298314,358.1428572,358.251842,358.3595675,358.4710143,358.5877418,358.7148618,358.8373632,358.972519
1,538507.3706,3540219.115,6.857464545,7.370772434,7.379724035,7.003162256,6.974276071,6.939470221,6.990438248,6.859510367,6.83595323,6.800261339,6.833982388,6.896724208,0.675675676,0.525547445,0.444794953,0.381555154,0.297605473,0.261734288,0.241661791,0.210479176,0.184686281,0.163195435,0.147681332,0.134129353,356.9546113,356.9295688,356.8949599,356.865532,356.8401599,356.8238487,356.8162311,356.828025,356.8589537,356.9082619,356.9649154,357.033212
0,536137.3706,3541779.115,6.647804481,5.452467233,6.874549569,7.437850333,7.899786167,8.309836254,8.270851129,8.291304057,8.081715264,7.895321032,7.783922573,7.650398643,0.486486486,0.518248175,0.416403785,0.365280289,0.303306727,0.241845664,0.195435927,0.161218092,0.133995037,0.118402282,0.111296076,0.105074627,351.3970353,351.4013238,351.4073959,351.4144902,351.4352303,351.4665655,351.5059931,351.5492272,351.5948772,351.6457348,351.6947308,351.7492253
0,532207.3706,3543039.115,10.79263251,8.027305523,7.983891169,7.64551395,7.435529478,7.834011306,8.104079653,8.079694692,8.210082576,8.457702978,8.684312973,8.819353095,0,0.182481752,0.205047319,0.179023508,0.136830103,0.121718377,0.115857226,0.113748321,0.110953563,0.103566334,0.095362663,0.0839801,343.0364998,343.056932,343.0870043,343.1241424,343.169685,343.2161468,343.2637721,343.3162072,343.3766154,343.4472406,343.5176155,343.596012
0,484987.3706,3508659.115,1.929451461,2.793838763,2.956704604,3.214382667,3.479368967,3.779892418,3.992053876,4.167618943,4.392783057,4.567029268,4.712673397,4.910335381,0.702702703,0.518248175,0.413249211,0.289330922,0.262257697,0.239459029,0.201287303,0.177339901,0.155618575,0.138088445,0.12175981,0.110049751,376.6492631,376.6608686,376.6735402,376.6851451,376.7046623,376.7342534,376.778388,376.8337679,376.8988523,376.976896,377.0562915,377.1473067
0,507067.3706,3511599.115,10.33590584,12.48871883,12.80806818,11.93374769,11.55979647,11.35001036,11.50908277,11.64691504,11.91772361,12.56188017,13.3811502,14.06412629,0,0,0.066246057,0.090415913,0.101482326,0.101034208,0.091281451,0.081504702,0.074441687,0.065049929,0.060642093,0.052736318,415.8392598,415.832242,415.872502,416.0052841,416.1900041,416.3926135,416.6085802,416.8392958,417.0963729,417.3913348,417.6839336,418.0151531
1,535477.3706,3510999.115,5.36100297,4.721651899,4.043892914,4.334720585,4.545460376,4.763961556,4.698152849,4.678171054,4.63314814,4.711846216,4.746369155,4.762684379,0.432432432,0.153284672,0.066246057,0.037974684,0.023945268,0.016706444,0.012287888,0.009404389,0.007444169,0.005991441,0.004994055,0.004179104,396.1385061,396.1507107,396.1666725,396.1816244,396.1982757,396.2141963,396.2298887,396.2460551,396.2626335,396.2790758,396.2927019,396.3043418
0,531187.3706,3506469.115,5.845530897,6.292921719,6.029001325,6.046448984,5.95551743,6.059624739,6.196007136,6.181617146,6.276476397,6.494596614,6.527139937,6.578574929,0.702702703,0.328467153,0.14511041,0.08318264,0.058152794,0.046937152,0.03978935,0.034930587,0.02764977,0.022253923,0.018549346,0.015522388,424.1762869,424.1763096,424.1766363,424.1771644,424.1808733,424.1897691,424.2029586,424.218795,424.234526,424.248605,424.2595192,424.2690372
1,529867.3706,3506859.115,5.599932493,7.483242854,7.569226644,7.995441432,8.565061856,8.528346695,8.332333974,8.312923991,8.371304303,8.382578945,8.422022503,8.395997732,0.540540541,0.182481752,0.078864353,0.045207957,0.028506271,0.019888624,0.014628438,0.011195701,0.008862106,0.007132668,0.005945303,0.005970149,431.3559521,431.35228,431.3297882,431.2993522,431.2421841,431.1615549,431.0654214,430.9616649,430.8540318,430.7396463,430.6360233,430.5289059
1,529057.3706,3507879.115,5.71505505,6.949932986,7.698001518,7.729356231,8.278553288,8.013587969,7.973145843,8.004069759,8.2249711,8.191886626,8.169796493,8.446499808,0.594594595,0.313868613,0.135646688,0.077757685,0.049030787,0.034208433,0.025160913,0.019256605,0.015242822,0.012268188,0.010225922,0.009353234,436.3299519,436.3277278,436.29902,436.2312737,436.1281999,436.0117523,435.885697,435.746276,435.5942233,435.4241135,435.2600275,435.0789551
1,531337.3706,3508479.115,6.673474431,7.592358218,8.148975504,8.369437,8.154664323,7.962787731,8.253005365,8.256602309,8.235584288,8.344785166,8.356503851,8.3527823,0.432432432,0.211678832,0.123028391,0.070524412,0.044469783,0.031026253,0.022820363,0.017465293,0.013824885,0.011126961,0.009274673,0.007761194,422.7559064,422.7559068,422.7555747,422.7498759,422.7315929,422.7045974,422.6681025,422.6215667,422.5679299,422.506539,422.4467232,422.3810523
0,528547.3706,3510189.115,3.362945199,6.805654155,9.05763068,9.435278228,9.977986352,9.958354207,10.09808213,10.32598862,10.45168647,10.58642065,10.64087054,10.73279524,0.432432432,0.138686131,0.075709779,0.056057866,0.035347777,0.024661893,0.018139263,0.013882669,0.010989011,0.008844508,0.007372176,0.006169154,430.0593649,430.0593812,430.0674526,430.0862468,430.1110439,430.137369,430.164913,430.1935869,430.224139,430.2586518,430.293737,430.3348356
1,539047.3706,3479289.115,5.952452648,4.823516271,4.548049434,4.651133543,4.859050293,4.821378474,4.934600169,5.116201574,5.307126762,5.354396675,5.409603164,5.484766364,0.756756757,0.306569343,0.138801262,0.079566004,0.061573546,0.050119332,0.045640726,0.049261084,0.045373981,0.038516405,0.033055886,0.028258706,442.9500534,442.9500534,442.9499548,442.9468061,442.9405419,442.9331997,442.9298782,442.9351029,442.9503755,442.9759905,443.0059594,443.0450137
1,539617.3706,3476859.115,6.913262809,5.160629217,5.833106661,5.5088509,5.400116467,5.438732116,5.311502025,5.37312233,5.538574337,5.582596365,5.592583082,5.65118849,0.513513514,0.540145985,0.466876972,0.35443038,0.316989738,0.268894193,0.216500878,0.178683386,0.151364764,0.127817404,0.11391201,0.099303483,437.8093699,437.8347326,437.8674342,437.8983808,437.9330507,437.9663866,437.9993955,438.0334411,438.0680191,438.1061215,438.1438049,438.1860729
1,539857.3706,3476109.115,6.397731027,6.388128937,6.363483215,6.252681431,6.106237505,5.942662135,5.810309438,5.820798789,5.835307202,5.77857454,5.739150614,5.687501677,0.432432432,0.218978102,0.160883281,0.142857143,0.13340935,0.132060461,0.138677589,0.122704881,0.107763205,0.090727532,0.077764566,0.069850746,437.2663863,437.2663866,437.2666303,437.2695561,437.2748685,437.2817329,437.291516,437.3051751,437.322818,437.3448249,437.3678066,437.3961329
1,539557.3706,3474579.115,3.88400602,3.721365876,4.413329804,4.556787983,4.628382335,4.700991068,4.814949191,5.073281879,5.179199121,5.216188317,5.244476177,5.247397179,0.405405405,0.364963504,0.176656151,0.101265823,0.063854048,0.044550517,0.0327677,0.02507837,0.019851117,0.015977175,0.013317479,0.012139303,435.9262489,435.9386848,435.9544994,435.9692591,435.9857336,436.0014109,436.0165036,436.0317832,436.0483066,436.0687112,436.0910088,436.1179962
1,539047.3706,3473259.115,3.629374272,3.289023517,4.240702602,4.413538591,4.504160899,4.490195926,4.528504065,4.700620684,4.911806844,4.951833656,4.9806441,5.044914037,0.594594595,0.386861314,0.186119874,0.106690778,0.0672748,0.046937152,0.034523113,0.026421854,0.021623538,0.021398003,0.021165279,0.020298507,434.7524125,434.7524011,434.7536948,434.7613428,434.7731617,434.7867972,434.8039604,434.8249056,434.8483765,434.8747889,434.9007538,434.9310469
1,541267.3706,3479109.115,6.596009504,5.985099676,5.804676357,5.595685333,5.636788001,5.58568877,5.732444551,5.761496797,5.704189048,5.668692494,5.713205815,5.738736803,0.351351351,0.182481752,0.141955836,0.097649186,0.061573546,0.042959427,0.031597425,0.024182714,0.019142148,0.015406562,0.012841855,0.010746269,442.9911491,442.9992199,443.01461,443.0305469,443.048693,443.066104,443.0831541,443.1021254,443.1242705,443.1523931,443.1854595,443.2280245
1,537127.3706,3470289.115,4.301880266,4.471894986,4.654221128,5.013517932,5.079817535,5.346897897,5.536641078,5.541044254,5.588470655,5.823780969,5.969509756,6.020688462,0.567567568,0.328467153,0.148264984,0.084990958,0.05359179,0.037390613,0.027501463,0.021047918,0.016660759,0.013409415,0.01117717,0.009353234,433.2077158,433.2099788,433.219556,433.2309573,433.2446792,433.258738,433.2732509,433.2894721,433.3073377,433.3280547,433.3512911,433.3805478
0,532507.3706,3472179.115,4.237294397,5.945963426,6.680863021,6.972435781,7.289965031,7.380731865,7.612817978,8.149604582,8.619646368,9.081462708,9.469139838,9.57046118,0.135135135,0.03649635,0.015772871,0.009041591,0.005701254,0.003977725,0.002925688,0.00223914,0.001772421,0.001426534,0.001189061,0.000995025,458.0900772,458.1466677,458.2104566,458.2682689,458.3320996,458.3925226,458.4518259,458.5124256,458.575335,458.6504076,458.7307719,458.8274572
0,535147.3706,3482559.115,3.95283508,4.849600565,5.561408714,5.402429989,5.778425882,5.852706934,5.847740752,5.860761856,5.891311309,5.939247543,6.019907905,5.948635827,0.459459459,0.204379562,0.088328076,0.050632911,0.031927024,0.022275259,0.01638385,0.012539185,0.009925558,0.007988588,0.00665874,0.005970149,459.4254843,459.4254814,459.4243875,459.4112929,459.3863773,459.3562439,459.3226338,459.289247,459.2550067,459.2165556,459.1788938,459.1366889
1,538087.3706,3517779.115,6.560184485,6.025359825,5.402090597,5.234684015,5.077937624,4.959408215,4.860650847,4.759406468,4.749957522,4.776226414,4.716192319,4.650140854,0.621621622,0.379562044,0.261829653,0.220614828,0.1995439,0.167064439,0.126974839,0.099865652,0.091102446,0.081027104,0.071819263,0.064875622,387.0834342,387.0834333,387.0843285,387.0879024,387.0927889,387.097927,387.1032614,387.1090632,387.1152829,387.122208,387.1295517,387.1392611
0,537307.3706,3516849.115,4.174345931,5.163347843,5.55741812,5.141423159,4.924795056,5.073639399,4.882006958,4.75374412,4.734471542,4.691058989,4.612934407,4.563939728,0.648648649,0.467153285,0.299684543,0.283905967,0.242873432,0.186953063,0.152135752,0.127183162,0.112725984,0.102425107,0.095124851,0.090348259,388.5550017,388.5550007,388.5560556,388.5610068,388.5702925,388.5826371,388.5987998,388.6182347,388.6399397,388.664428,388.6885823,388.7165743
1,538957.3706,3521889.115,6.884084394,5.840045308,5.412244709,5.15669158,5.081481859,5.083531856,5.197379637,5.191355621,5.135715426,5.092890747,5.131585759,5.076258957,0.72972973,0.496350365,0.315457413,0.189873418,0.139110604,0.123309467,0.103569339,0.087774295,0.079049982,0.071326676,0.068489893,0.065870647,389.655327,389.6539941,389.6432743,389.6291236,389.6135064,389.605332,389.6079433,389.6179679,389.634964,389.6589676,389.6860714,389.7198946
0,543097.3706,3528219.115,8.746091404,7.870824729,8.025677093,9.438990467,10.85348913,11.47131709,11.98946296,12.19408802,12.6401726,12.55194041,12.42327068,12.45946325,0.27027027,0.138686131,0.094637224,0.057866184,0.036488027,0.027048528,0.02106495,0.018360949,0.017369727,0.016547789,0.014268728,0.012935323,372.5540095,372.5540099,372.5532029,372.5428056,372.5208523,372.4941576,372.4788656,372.4831738,372.5065633,372.549335,372.601855,372.6777229
1,548857.3706,3497139.115,5.263093475,6.20408383,6.947481821,7.511412635,8.274838636,8.254011067,8.375708872,8.650035416,8.680508409,8.864426734,8.817476161,8.512041592,0.594594595,0.437956204,0.372239748,0.276672694,0.181299886,0.131264916,0.098303101,0.07523511,0.05955335,0.047931526,0.039952438,0.035621891,379.5179212,379.5314906,379.5312834,379.5245579,379.5184417,379.5139427,379.5111193,379.5152299,379.5258147,379.5441909,379.5767594,379.6279577
1,537607.3706,3498279.115,5.721308518,4.708572109,4.841407358,5.18353648,5.327967845,5.03539283,5.059894957,5.11099524,4.996453384,5.02399991,5.071911046,5.110792855,0.621621622,0.291970803,0.132492114,0.075949367,0.047890536,0.033412888,0.024575775,0.018808777,0.015242822,0.016833096,0.015457788,0.013930348,448.3029356,448.3029342,448.302909,448.3018334,448.2974121,448.2871714,448.2703233,448.249285,448.2247515,448.1963835,448.1678025,448.1345863
1,538957.3706,3498009.115,6.770565613,5.208985484,4.763207744,4.37850841,4.246468546,4.409705408,4.535326517,4.511453233,4.531493176,4.638518612,4.710256953,4.703199108,0.594594595,0.211678832,0.09148265,0.054249548,0.063854048,0.056483691,0.044470451,0.036274071,0.028713222,0.023109843,0.020214031,0.018507463,442.6842915,442.6810174,442.6758661,442.6651643,442.6503345,442.6341552,442.6158582,442.5954911,442.5738479,442.550425,442.5282607,442.5037344
1,552547.3706,3570459.115,33.28678857,31.24323797,29.53265149,27.86488575,25.65170138,24.23505355,24.48718494,24.32969552,24.25924894,24.13795276,23.54977135,23.60549086,0.081081081,0.02189781,0.009463722,0.005424955,0.003420753,0.002386635,0.001755413,0.001343484,0.001063453,0.00085592,0.000713436,0.000597015,365.0157133,365.2040203,365.4228736,365.6255087,365.8620838,366.0959679,366.3385247,366.6032424,366.8935273,367.2324378,367.5737386,367.9573172
0,528997.3706,3567519.115,4.387485266,3.431319428,3.277035775,3.440367561,3.615329933,3.899860794,4.220262369,4.603435656,4.882870827,5.072540263,5.251857208,5.479850419,0.297297297,0.080291971,0.034700315,0.019891501,0.012542759,0.008750994,0.006436513,0.006717421,0.005317263,0.004279601,0.003567182,0.002985075,329.1409673,329.1859808,329.2441813,329.3160729,329.4084028,329.5044318,329.6038339,329.7092844,329.8210891,329.9503095,330.0830602,330.2377462
0,529777.3706,3567489.115,4.041859794,5.177907349,5.812871167,5.965728374,5.604188129,5.328663168,5.28506042,5.315966132,5.4989993,5.923945346,6.552058242,7.639813146,0.108108108,0.02919708,0.012618297,0.007233273,0.004561003,0.00318218,0.002925688,0.005373936,0.005317263,0.004279601,0.003567182,0.002985075,330.5888589,330.6389552,330.7125079,330.8088479,330.9304938,331.0572732,331.1890365,331.3334531,331.498443,331.6997175,331.912655,332.1646553
1,538807.3706,3578949.115,5.776615958,8.712396124,13.20042635,15.01116094,16.62249429,17.45376159,18.2599829,18.35979331,18.17506982,18.05570139,17.72581413,17.36991605,0.189189189,0.051094891,0.022082019,0.012658228,0.007981756,0.005568815,0.004095963,0.003134796,0.00248139,0.001997147,0.001664685,0.001393035,398.2010754,398.2010752,398.2010758,398.2027502,398.2343047,398.3085048,398.4295938,398.5878612,398.7739399,398.9900179,399.2031681,399.4411953
1,542617.3706,3584769.115,15.652378,23.52462542,27.89651966,26.93282484,25.18951614,23.79950528,22.85251059,22.7143223,23.04323759,23.58749716,23.97476079,24.06959441,0.216216216,0.080291971,0.034700315,0.019891501,0.012542759,0.008750994,0.006436513,0.004926108,0.003899326,0.003138374,0.002615933,0.002189055,368.3911487,368.4301564,368.5078442,368.597399,368.7136395,368.8354112,368.9599731,369.0863584,369.211416,369.3503874,369.4883828,369.6497308
0,543337.3706,3590409.115,16.17149219,13.14261542,13.57702599,14.04359181,14.04170029,14.14073472,14.47739891,14.75974368,14.75338907,14.93739877,14.77173121,14.20595871,0.189189189,0.065693431,0.028391167,0.016274864,0.010262258,0.007159905,0.005266238,0.004030452,0.003190358,0.00256776,0.002140309,0.001791045,351.5442752,351.54499,351.5455684,351.5437364,351.5399639,351.5354795,351.5318247,351.5292582,351.5278523,351.5272525,351.5266435,351.5260017
0,541297.3706,3591609.115,8.927663631,9.037836946,7.657001934,7.609268379,7.812055236,7.858779078,8.071750355,8.216882789,8.222717475,8.139604075,8.011590392,7.942858542,0.243243243,0.080291971,0.034700315,0.019891501,0.012542759,0.011137629,0.008777063,0.006717421,0.005317263,0.004279601,0.003567182,0.002985075,353.4082658,353.4082657,353.4108874,353.4230404,353.4437334,353.4689077,353.5222562,353.6154096,353.7419946,353.9045924,354.0737043,354.270116
0,540757.3706,3591609.115,7.859646866,8.859409412,7.946271619,8.058357175,7.859265661,8.239549462,8.781465085,8.928805365,8.751962718,8.797473171,8.976204494,8.995312436,0.108108108,0.02919708,0.012618297,0.007233273,0.007981756,0.011933174,0.008777063,0.006717421,0.005317263,0.004279601,0.003567182,0.002985075,355.5289637,355.7326567,355.9657442,356.1844788,356.4353994,356.678129,356.9203526,357.1753808,357.4313825,357.6856816,357.9114679,358.1421886
1,518827.3706,3592269.115,16.12456552,19.70070389,24.5173122,28.27489857,31.4554659,34.24797424,35.31496276,36.16262412,36.956108,38.47055662,39.47643911,39.76985776,0.216216216,0.058394161,0.025236593,0.014466546,0.009122007,0.00636436,0.0046811,0.003582624,0.002835874,0.002282454,0.001902497,0.00159204,736.3353304,736.4947599,736.7813907,737.0731175,737.4017156,737.7214626,738.039519,738.3679081,738.7133559,739.0889293,739.4568231,739.8706391
1,522667.3706,3589329.115,20.19483838,20.80030391,23.86345192,25.76521354,26.10925595,26.66790445,27.29742138,29.33739423,31.02674597,32.66331383,33.75244194,34.44732247,0.054054054,0.02919708,0.012618297,0.007233273,0.004561003,0.00318218,0.002925688,0.002686968,0.002126905,0.00171184,0.001426873,0.00119403,924.4855231,923.9548055,923.1656157,922.3800928,921.4557148,920.529909,919.5901159,918.5659067,917.4428066,916.1015408,914.6632928,912.9241256
1,519877.3706,3600969.115,23.3742759,26.67668357,32.75391088,34.76466542,35.10157486,34.51283748,34.20599577,33.94502665,33.68174975,33.44933794,33.21360026,32.71492426,0.081081081,0.02189781,0.009463722,0.005424955,0.003420753,0.002386635,0.0046811,0.008956561,0.010280043,0.009985735,0.009036861,0.007761194,509.6025473,509.6025591,509.6025696,509.6275846,509.7316955,509.9537334,510.3079468,510.7434324,511.2407576,511.8063825,512.3607007,512.980403
1,519427.3706,3601599.115,36.92869636,41.0025135,39.4073356,38.94312278,38.95408707,38.46509507,37.18868858,35.83959023,35.35955605,34.67431522,33.80518529,33.16646106,0.513513514,0.197080292,0.100946372,0.065099458,0.043329532,0.031026253,0.0234055,0.019256605,0.018787664,0.017118402,0.0156956,0.015721393,492.9214321,492.9560732,493.1510507,493.4166019,493.7374167,494.0642644,494.400681,494.7581025,495.1439497,495.5853226,496.047563,496.5970506
1,518647.3706,3602259.115,22.78614159,31.70532464,35.45196473,35.16940374,35.12115879,34.78989096,34.14416661,33.58551311,33.50464304,33.4429083,33.15817442,32.80338454,0.27027027,0.233576642,0.151419558,0.104882459,0.072976055,0.055688146,0.041544763,0.033587103,0.028713222,0.025677603,0.024019025,0.021094527,474.717997,474.842941,475.0874578,475.3437434,475.6346784,475.9188134,476.2019751,476.4885748,476.7699131,477.0776444,477.4044111,477.8076241
1,518227.3706,3602529.115,31.41889466,38.27045568,35.8737659,35.47799702,35.44227505,35.47014009,33.65640852,32.29113188,31.92822951,31.90895489,31.98990568,31.87005689,0.216216216,0.124087591,0.072555205,0.068716094,0.054732041,0.041368337,0.035693388,0.030004478,0.023750443,0.019115549,0.016646849,0.014129353,467.769848,467.7698518,467.8306743,467.9540553,468.1146392,468.2868811,468.4806211,468.6985506,468.9503218,469.2503233,469.555394,469.9064611
1,516157.3706,3603639.115,27.54278293,28.09634187,30.95401205,31.7741525,30.94540774,30.91548368,30.17098941,28.89282098,28.24074235,27.97307867,27.64136145,27.27343262,0.135135135,0.04379562,0.018927445,0.01084991,0.006841505,0.00477327,0.003510825,0.002686968,0.002126905,0.00171184,0.001426873,0.00119403,438.9906723,438.990671,438.9908731,439.0007982,439.0401258,439.1139548,439.2296318,439.3759522,439.5452405,439.7403974,439.9328341,440.1503858
1,512107.3706,3599379.115,5.298116177,5.807655352,5.434351824,5.663936274,6.332908803,6.428956129,6.518970607,6.44956895,6.694870189,6.907169946,6.808427721,6.674081316,0.054054054,0.01459854,0.006309148,0.003616637,0.002280502,0.00159109,0.001170275,0.000895656,0.000708968,0.000570613,0.000475624,0.00039801,384.8121313,384.812126,384.824179,384.8485271,384.90175,385.001273,385.1401195,385.3030785,385.4886918,385.7031198,385.9161856,386.156727
0,510457.3706,3598359.115,3.102477481,3.123011478,3.021328333,3.30605788,3.919525505,4.390063802,4.758227593,5.117917455,5.208778242,5.275597557,5.208833709,5.174512464,0.054054054,0.01459854,0.006309148,0.003616637,0.002280502,0.00159109,0.001170275,0.000895656,0.000708968,0.000570613,0.000475624,0.00039801,368.8013957,368.8013967,368.8017816,368.8288883,368.8899596,368.9708112,369.0687804,369.1894759,369.3316056,369.4987988,369.6663457,369.8579979
0,507607.3706,3605859.115,3.707746238,3.300595056,3.040206345,2.905210976,2.813688009,2.842651974,2.883791272,2.857735867,2.885813635,2.940973749,2.996697174,3.03414393,0.054054054,0.02189781,0.009463722,0.005424955,0.003420753,0.002386635,0.001755413,0.001343484,0.001063453,0.00085592,0.000713436,0.000597015,395.1454369,395.1452262,395.1456551,395.1533188,395.1652086,395.1789608,395.1962109,395.2174006,395.240933,395.2669838,395.2923055,395.3206412
0,536047.3706,3609039.115,6.619236328,7.125404267,6.444533011,6.250321674,6.292581229,6.163928923,6.21613747,6.181675223,6.0708177,6.00918545,5.945858812,5.885205151,0.027027027,0.02189781,0.009463722,0.005424955,0.003420753,0.002386635,0.001755413,0.001343484,0.001063453,0.00085592,0.000713436,0.000597015,289.3163345,289.4446039,289.7104578,290.0186257,290.372506,290.7179333,291.0614544,291.408099,291.7517746,292.1143286,292.4611736,292.8446472
0,537337.3706,3609909.115,5.891595381,5.257463984,5.137172377,4.395173316,3.191020078,2.60924253,2.575500367,3.384991391,4.760948543,6.141210225,6.672465466,6.809433138,0.054054054,0.01459854,0.006309148,0.003616637,0.002280502,0.00159109,0.001170275,0.000895656,0.000708968,0.000570613,0.000475624,0.00039801,296.2278409,296.2181793,296.198908,296.1895778,296.1786935,296.16543,296.149253,296.1256906,296.1017386,296.0891737,296.0730547,296.0413423
0,535897.3706,3611679.115,0,0.519296489,1.427692911,2.05629594,2.473137288,2.847239916,3.159588451,3.263219097,3.320575886,3.364362392,3.825338795,4.774311976,0.162162162,0.04379562,0.018927445,0.01084991,0.006841505,0.00477327,0.003510825,0.002686968,0.002126905,0.00171184,0.001426873,0.00119403,290.4155265,290.4641635,290.5245666,290.5795906,290.6380747,290.6919086,290.7436132,290.795954,290.8564536,290.9246391,290.9953405,291.0856081
1,540337.3706,3609789.115,4.495730503,5.659637752,5.979230019,6.07905152,6.277702388,6.360328196,6.176670373,6.080026259,5.961105668,5.923371201,6.236573356,7.052798416,0.594594595,0.175182482,0.075709779,0.045207957,0.070695553,0.089101034,0.112346401,0.138826691,0.160581354,0.193152639,0.218311534,0.235820896,298.3821469,298.4979277,298.6237753,298.7446143,298.8974241,299.0685652,299.2638916,299.4744532,299.690389,299.9169606,300.1288425,300.3610116
1,545677.3706,3603189.115,3.416640256,2.724915341,3.055004946,3.616021554,4.352257656,4.43664368,4.434686817,4.434414319,4.614086038,4.768870162,4.925927862,5.120319732,0.243243243,0.065693431,0.028391167,0.016274864,0.042189282,0.07398568,0.088940901,0.085087326,0.089684509,0.094436519,0.097740785,0.096716418,318.9975842,318.9968438,318.9850833,318.9655565,318.9403655,318.9238064,318.9210218,318.9290221,318.9493718,318.9834365,319.0244677,319.0761282
0,547177.3706,3587499.115,3.786732506,7.697075367,8.296572395,8.671800543,8.114644833,8.183801541,8.634657602,8.852996983,9.047257879,9.332788377,9.387602877,9.191497914,0.72972973,0.299270073,0.138801262,0.079566004,0.050171038,0.035003978,0.02574605,0.019704433,0.015597306,0.013124108,0.010939358,0.009154229,348.4020394,348.402483,348.4101627,348.4225378,348.4381153,348.4544079,348.4719288,348.4919446,348.5143852,348.5406987,348.5693106,348.6050468
0,540187.3706,3545199.115,6.461430545,8.769118095,9.572077963,9.918456251,10.49227852,10.10257201,9.547002239,9.265245757,8.928220097,8.850981575,8.877477689,8.840375653,0.243243243,0.087591241,0.041009464,0.023508137,0.014823261,0.010342084,0.007606788,0.005821764,0.005671748,0.005706134,0.004756243,0.0039801,368.5653002,368.5876962,368.6191451,368.6492044,368.6829188,368.7153776,368.7474933,368.7811471,368.8175821,368.8643978,368.9188728,368.9876847
0,542137.3706,3545529.115,5.124688395,6.764594467,7.554279699,7.749589857,7.84096796,8.200422943,8.357587092,8.592893542,8.728511673,8.794762077,8.913380768,9.057436914,0.216216216,0.072992701,0.031545741,0.018083183,0.011402509,0.007955449,0.006436513,0.007165249,0.005671748,0.004564907,0.004756243,0.004577114,372.4872684,372.4872675,372.4872662,372.4917878,372.5403297,372.6293207,372.7595165,372.9166579,373.0929212,373.2931175,373.4883311,373.7058638
1,537787.3706,3545199.115,3.158101251,3.818569543,4.625278659,6.502832256,6.742108939,7.143109696,7.338798492,7.366117378,7.428941112,7.645337031,7.661961895,7.820608689,0.189189189,0.051094891,0.022082019,0.012658228,0.007981756,0.005568815,0.004095963,0.003134796,0.00248139,0.001997147,0.001664685,0.001393035,362.4677767,362.5029284,362.5558473,362.6067586,362.6617259,362.7132567,362.7632722,362.8122917,362.8599734,362.9095547,362.9562704,363.0080617
0,548077.3706,3542769.115,4.33788678,4.585039483,4.526905371,4.783616183,4.81032764,4.878383958,4.710774625,4.956399836,5.387106833,5.629209334,5.934663939,6.308718269,0,0,0,0,0,0,0,0,0,0,0,0,367.4288973,367.4444968,367.4680348,367.4915687,367.5302321,367.5817869,367.6403676,367.703947,367.7759094,367.8617593,367.950712,368.0545575
0,548077.3706,3542769.115,4.33788678,4.585039483,4.526905371,4.783616183,4.81032764,4.878383958,4.710774625,4.956399836,5.387106833,5.629209334,5.934663939,6.308718269,0,0,0,0,0,0,0,0,0,0,0,0,367.4288973,367.4444968,367.4680348,367.4915687,367.5302321,367.5817869,367.6403676,367.703947,367.7759094,367.8617593,367.950712,368.0545575
1,542137.3706,3537519.115,4.248336586,4.549234966,5.589526552,6.465904191,6.681120461,6.436154843,6.520282735,6.415068977,6.47636534,6.514481628,6.522394202,6.676166981,0.243243243,0.080291971,0.034700315,0.019891501,0.012542759,0.008750994,0.006436513,0.004926108,0.003899326,0.003138374,0.002615933,0.002189055,363.0458506,363.0458512,363.044253,363.0355406,363.0228548,363.0112496,363.0024477,363.0009131,363.011248,363.0331925,363.0621554,363.1011212
0,544927.3706,3539949.115,3.544815031,3.908902203,3.88381411,4.03939865,4.103011245,4.122391996,4.201105131,4.238736111,4.154579012,4.244843716,4.318645989,4.357008036,0.216216216,0.065693431,0.028391167,0.016274864,0.010262258,0.007159905,0.005266238,0.004030452,0.003190358,0.004279601,0.003567182,0.002985075,371.841321,371.8233665,371.7994417,371.7786172,371.763169,371.7523154,371.7427986,371.7296307,371.7140373,371.6987091,371.6839519,371.6681782
0,544927.3706,3535029.115,4.877782319,4.588152378,5.033585029,5.618093986,6.228000207,6.567316241,6.9959513,7.571128675,8.374844719,8.662115419,8.719642881,8.71805266,0.189189189,0.051094891,0.022082019,0.012658228,0.007981756,0.005568815,0.004095963,0.003134796,0.00248139,0.001997147,0.001664685,0.001393035,372.1086582,372.0835752,372.0573168,372.0352481,372.014743,371.9981012,371.9836164,371.9733707,371.9718386,371.9815642,372.0023425,372.0343485
1,544537.3706,3532659.115,8.513065686,8.997431719,9.866999567,9.290304345,9.893920764,10.53237018,11.6061815,12.42469325,12.74153228,12.73509977,12.64654228,12.57473443,0.081081081,0.02189781,0.009463722,0.005424955,0.003420753,0.002386635,0.001755413,0.001343484,0.001063453,0.00085592,0.000713436,0.000597015,375.3058793,375.305879,375.3058793,375.3063012,375.3152527,375.3339548,375.3568004,375.3815571,375.4067318,375.4327366,375.4562365,375.480393
1,543217.3706,3529659.115,7.178526147,7.840502503,11.87645981,13.2622395,13.69057968,14.23460308,14.17525375,14.08737579,13.63193945,13.17727005,12.77097937,12.49477422,0.243243243,0.116788321,0.050473186,0.028933092,0.023945268,0.020684169,0.019309538,0.017465293,0.013824885,0.011412268,0.009750297,0.008159204,376.1837397,376.186337,376.1898709,376.1797854,376.162876,376.1433129,376.1225744,376.1119262,376.1178787,376.1424571,376.1825565,376.2408302
0,543517.3706,3530109.115,4.137542721,12.29584837,13.24299386,13.01655946,13.88767031,13.89423129,13.66392967,13.83517359,13.64246713,13.45544887,13.47215997,13.5132845,0.27027027,0.080291971,0.034700315,0.019891501,0.018244014,0.021479714,0.015798713,0.012091357,0.009571074,0.007703281,0.006420927,0.005572139,375.9197066,375.9197065,375.9329225,375.9643538,376.008143,376.0556011,376.1086845,376.1676058,376.2279621,376.2922269,376.3567,376.4340934
1,541927.3706,3527439.115,6.521756626,8.827242645,11.38478976,12.66211703,12.7000049,12.88784848,12.80049914,12.38633611,12.14485925,12.18010187,12.17478876,12.14727274,0.135135135,0.109489051,0.072555205,0.063291139,0.068415051,0.063643596,0.056173201,0.048365428,0.042892591,0.039372325,0.037098692,0.03721393,369.9817274,369.9959314,370.1502532,370.3705974,370.6411088,370.9192418,371.2090435,371.521363,371.8458724,372.1881765,372.5071073,372.8454304
0,531487.3706,3530559.115,6.096410076,6.359314182,6.191610387,5.901710139,5.794356036,6.051950422,6.329970708,6.597683679,6.878263133,7.129234281,7.434312589,7.837688421,0.162162162,0.04379562,0.018927445,0.01084991,0.006841505,0.00477327,0.003510825,0.002686968,0.002126905,0.00171184,0.001426873,0.00119403,385.9240162,386.0172375,386.1226,386.2204056,386.3300094,386.4345802,386.5375932,386.6433769,386.7541769,386.8859624,387.0246225,387.187819
1,539677.3706,3514689.115,3.799858071,3.441922452,3.704456632,3.983011043,4.136630526,4.279852229,4.42431601,4.404293162,4.372005492,4.407197438,4.465000765,4.51522909,0.648648649,0.357664234,0.176656151,0.113924051,0.084378563,0.066825776,0.052662376,0.040304523,0.03190358,0.025677603,0.021403092,0.017910448,379.5136117,379.5067014,379.4979583,379.4882409,379.4765217,379.464671,379.4525931,379.4400895,379.4277588,379.4147303,379.4002502,379.3829132
1,540547.3706,3516519.115,5.973190269,6.15520642,6.977147359,7.281464817,7.632286113,7.734624477,7.992011439,8.02030734,8.080104769,8.220037977,8.3670021,8.485023533,0,0,0,0,0,0,0,0,0,0,0,0,379.8770307,379.8593868,379.8398551,379.8230557,379.8066026,379.7929203,379.7807231,379.7682625,379.7557297,379.7422936,379.7273536,379.7084176
1,544057.3706,3519519.115,9.320996748,12.59899857,17.38404347,18.56897824,18.73912733,18.68128778,18.61777803,18.35300552,18.24159169,17.85171021,17.60522423,17.54252247,0.297297297,0.102189781,0.05362776,0.03074141,0.021664766,0.017501989,0.0140433,0.010747873,0.008507621,0.006847361,0.005707491,0.004776119,378.4363065,378.4408756,378.453528,378.4674145,378.4840545,378.501535,378.5200382,378.5415852,378.5655898,378.5923524,378.6200272,378.6521679
1,539347.3706,3495339.115,4.273523545,5.491929281,6.067840125,6.004251738,5.870616595,5.938126299,5.931306383,6.011208798,6.118585861,6.089864063,6.142711287,6.121191489,0.432432432,0.218978102,0.104100946,0.065099458,0.052451539,0.039777247,0.029842013,0.02283923,0.018078695,0.014550642,0.012128419,0.010149254,451.5538676,451.5708765,451.6057855,451.6449337,451.6891948,451.731846,451.7741932,451.8171175,451.8597453,451.9058951,451.9507822,452.0020492
0,539107.3706,3496839.115,3.777429281,3.385191097,4.261824467,4.61961177,5.108384258,5.325411653,5.416464498,5.404007342,5.393773248,5.392059022,5.356623376,5.401364234,0.27027027,0.138686131,0.059936909,0.034358047,0.021664766,0.019888624,0.017554125,0.02060009,0.018078695,0.015977175,0.016884661,0.017114428,446.1406036,446.1406063,446.1407854,446.143175,446.1465184,446.1496057,446.1524522,446.1569943,446.1640635,446.1740206,446.1849389,446.1981016
1,533287.3706,3499779.115,5.462495024,4.860986236,5.377265014,5.529462367,5.99886949,6.525602036,6.99429032,7.09155556,7.29787456,7.514505239,7.56977794,7.591930292,0.162162162,0.116788321,0.05362776,0.03074141,0.019384265,0.013524264,0.009947338,0.007613077,0.006026232,0.004850214,0.004042806,0.003383085,439.1832053,439.3156391,439.5274058,439.7321815,439.9492475,440.1484905,440.3388245,440.5180773,440.6848593,440.8562507,441.0132868,441.1795954
0,520897.3706,3499419.115,12.80147648,14.03473677,15.40491381,15.79480351,15.97129753,16.09515107,16.24170823,16.87346003,17.49702278,18.4435563,19.45550604,20.26189817,0.027027027,0.00729927,0.003154574,0.001808318,0.001140251,0.000795545,0.000585138,0.000447828,0.000354484,0.000285307,0.000237812,0.000199005,460.8044665,460.8044665,460.804467,460.8051758,460.799113,460.7780759,460.7511268,460.7230216,460.6944026,460.6642001,460.6358833,460.6050686
0,527347.3706,3499569.115,5.161708556,5.834735941,6.894581501,7.692299385,8.544292307,8.947412928,9.285097204,9.185179457,9.189796027,9.471289542,9.915650998,10.29621242,0.702702703,0.437956204,0.230283912,0.141048825,0.090079818,0.062848051,0.046225863,0.035378415,0.028004254,0.02253923,0.018787158,0.015721393,429.92743,429.9274305,429.9277452,429.9410809,429.9807535,430.0420153,430.1233406,430.2154165,430.3126122,430.4164479,430.5160542,430.6277503
0,526597.3706,3495969.115,6.40447961,6.013732481,5.937807524,6.200545133,6.849809153,7.340838056,7.567030686,7.759151703,7.928908689,8.030085118,8.01534004,8.027506822,0.837837838,0.635036496,0.520504732,0.388788427,0.295324971,0.219570406,0.16442364,0.133452754,0.10740872,0.089871612,0.07824019,0.070248756,433.7040166,433.7041209,433.7057972,433.7103781,433.7179868,433.728618,433.7469071,433.7705636,433.7990249,433.8335627,433.8699259,433.9323199
0,527317.3706,3501999.115,10.83272037,10.62409674,10.91173627,11.51584816,12.26572109,12.36522063,12.66535167,13.13804516,13.24022461,13.31070341,13.25074758,13.03827325,0.054054054,0.03649635,0.034700315,0.027124774,0.018244014,0.012728719,0.0093622,0.007613077,0.006380716,0.006276748,0.005707491,0.004776119,426.67671,426.6767099,426.6767112,426.6747335,426.669749,426.6665768,426.6738181,426.7023509,426.7495719,426.8157077,426.8872233,426.9725777
0,510397.3706,3494589.115,13.56413035,20.75645397,21.67800645,20.85470691,19.27349802,18.78117725,17.79024243,16.27020188,15.61583948,15.1888418,15.30331994,15.23196268,0.243243243,0.065693431,0.028391167,0.016274864,0.010262258,0.007159905,0.005266238,0.004030452,0.003190358,0.00256776,0.002140309,0.001791045,449.35881,449.3496383,449.3184098,449.286075,449.2659293,449.2610058,449.2768898,449.333886,449.4368051,449.5864059,449.749651,449.9445101
0,565057.3706,3501969.115,12.05696206,10.01975142,8.387933,7.769528851,7.373213217,6.977611716,6.671933274,6.474702765,6.324392896,6.328390704,6.230829629,6.244243911,0.324324324,0.226277372,0.100946372,0.057866184,0.036488027,0.025457438,0.0187244,0.014330497,0.011343495,0.009129815,0.007609988,0.006368159,332.9596978,332.9631902,332.9761688,332.9947394,333.0188316,333.0442045,333.0722422,333.1017897,333.1319964,333.1643313,333.1945843,333.2265708
0,535087.3706,3469629.115,5.365628541,5.85317691,5.789925931,5.804885116,5.419912242,5.532748287,5.8046356,6.035639737,6.231308397,6.213146434,6.098097877,6.044830079,0,0.087591241,0.135646688,0.160940325,0.123147092,0.085918854,0.063194851,0.048365428,0.038284296,0.030813124,0.02568371,0.021492537,437.4598207,437.4598179,437.4601701,437.4621658,437.4655953,437.47012,437.4791406,437.496256,437.5210642,437.5538384,437.589801,437.6358485
0,563467.3706,3509469.115,5.651486527,4.502277509,4.118508171,3.8810444,3.790346972,3.8093017,3.80691877,3.783705243,3.901618601,3.978095426,3.993108012,3.960928045,0.108108108,0.072992701,0.031545741,0.018083183,0.011402509,0.007955449,0.005851375,0.00447828,0.003544842,0.002853067,0.002378121,0.00199005,338.8055065,338.8055064,338.8052103,338.8032458,338.8007792,338.798976,338.7984928,338.7999932,338.8041203,338.8108873,338.8188958,338.8293804
1,559897.3706,3507669.115,3.523003214,3.718179331,3.57595676,3.515904658,3.650994022,3.530068779,3.637186467,3.694518679,3.820880491,3.907439387,3.95357499,3.983094677,0.189189189,0.051094891,0.022082019,0.012658228,0.007981756,0.005568815,0.004095963,0.003134796,0.00248139,0.001997147,0.001664685,0.001393035,350.1788182,350.1867718,350.2121366,350.2415013,350.2764391,350.3112537,350.3464438,350.3883857,350.4404406,350.5054034,350.5735484,350.6533348
1,549487.3706,3555879.115,5.746558611,10.45801651,12.9235207,13.76817699,14.46666853,14.68996287,15.25708066,14.99665695,14.67295031,14.51259185,14.5354227,14.65028655,0.162162162,0.04379562,0.031545741,0.019891501,0.012542759,0.008750994,0.006436513,0.004926108,0.003899326,0.003138374,0.002615933,0.002189055,377.7799971,377.7636195,377.745228,377.728737,377.7176902,377.7185394,377.7291477,377.7454207,377.7878347,377.8817223,378.0067316,378.1730037
1,551497.3706,3557379.115,3.925913232,6.73342585,8.458389427,10.86343685,13.46439786,15.74348738,16.66883406,16.8244877,16.25856293,15.57837655,14.95177476,14.62578315,0.243243243,0.094890511,0.041009464,0.023508137,0.014823261,0.010342084,0.007606788,0.005821764,0.004608295,0.003708987,0.003091558,0.002587065,373.2703074,373.2703056,373.3125039,373.400835,373.5438676,373.7415245,373.9829544,374.2494356,374.5363868,374.8539201,375.1592223,375.4939379
0,553567.3706,3559059.115,6.619899167,11.23996494,16.24522391,18.3251723,18.24230608,19.20919151,20.25054721,20.97397388,21.38471971,21.54460458,21.77178102,21.7408156,0.027027027,0.00729927,0.003154574,0.001808318,0.001140251,0.000795545,0.000585138,0.000447828,0.000354484,0.000285307,0.000237812,0.000199005,374.0099858,374.1487246,374.3834445,374.6339985,374.9202812,375.1994013,375.4787602,375.7640274,376.0458765,376.3358026,376.6139113,376.9192744
1,554227.3706,3560529.115,51.49303795,42.1884968,36.32283394,34.94740278,31.72355103,29.90349231,28.94791441,28.27233965,28.06191698,27.89430003,27.39193707,27.35996355,0.081081081,0.02189781,0.018927445,0.032549729,0.021664766,0.021479714,0.019894675,0.016121809,0.013115916,0.011982882,0.009988109,0.008358209,376.4630465,376.5105401,376.5633534,376.6120241,376.681781,376.7636986,376.8514328,376.9367882,377.0230298,377.121472,377.2168757,377.321567
1,554527.3706,3560529.115,35.55745898,34.85479076,33.6025114,32.25854901,31.81882353,32.68338094,32.47271098,30.47598376,29.51958845,29.2086993,28.73172981,28.4153705,0.243243243,0.109489051,0.05362776,0.037974684,0.030786773,0.025457438,0.02106495,0.016121809,0.013824885,0.011982882,0.009988109,0.008358209,376.2441217,376.2441224,376.2441234,376.2484912,376.2791842,376.3443915,376.4397597,376.5485199,376.6649736,376.7913991,376.9079984,377.0298919
1,554527.3706,3561429.115,25.42446657,25.07020663,24.68105065,24.25639342,26.95288443,29.85599483,31.13643562,32.10623198,32.56251157,32.98180916,32.95935472,32.57994424,0.162162162,0.04379562,0.028391167,0.027124774,0.027366021,0.025457438,0.022820363,0.02283923,0.024459412,0.020827389,0.017360285,0.014527363,376.455173,376.455171,376.4551704,376.4522692,376.4441046,376.4598075,376.5186522,376.6090461,376.7241475,376.8624764,377.0010512,377.1560145
0,554707.3706,3562239.115,13.42773133,23.5499121,28.11801768,29.95290987,30.60399454,31.05885341,31.75361783,31.81964106,32.05236354,31.48351551,31.00127473,30.88108294,0.351351351,0.138686131,0.075709779,0.056057866,0.035347777,0.024661893,0.018139263,0.014330497,0.013115916,0.010556348,0.009512485,0.008756219,377.3732811,377.3732834,377.373534,377.3892324,377.4303665,377.5000025,377.586546,377.6826976,377.7885988,377.9083149,378.0287914,378.1753498
1,553387.3706,3563499.115,55.97326954,52.91187342,46.34112567,43.16001643,40.64675747,38.58707287,36.17919233,33.77085461,32.1864617,30.30981232,29.08189058,27.89674542,0,0,0,0,0,0,0,0,0,0,0,0,398.8368984,398.8266252,398.7716592,398.6870293,398.582756,398.4756545,398.3650803,398.2516902,398.1331314,397.9892027,397.837723,397.6568068
1,550237.3706,3561909.115,35.84167735,35.27018409,33.56608693,31.59054404,29.15810098,27.7879224,27.25056897,26.55958922,26.07481007,25.24426374,24.63712022,24.37069456,0,0,0,0,0,0,0,0,0,0,0,0,403.5715588,403.7202304,403.9411098,404.1522897,404.3727235,404.5723247,404.7612951,404.935488,405.093127,405.2442929,405.3693141,405.4845234
1,555247.3706,3546729.115,20.17633016,16.22617344,15.06919781,15.04094998,15.08602339,14.66856645,15.37229654,16.23085475,16.2240812,16.28970299,16.45346412,16.57303939,0.054054054,0.080291971,0.044164038,0.025316456,0.015963512,0.011137629,0.008191925,0.006269592,0.004962779,0.003994294,0.00332937,0.00278607,332.4955205,332.4955208,332.4918681,332.4900663,332.5049052,332.5318528,332.5684189,332.6128645,332.6628131,332.7193477,332.7739217,332.833733
1,557677.3706,3546999.115,2.518821317,4.963722654,7.141019054,7.683226876,7.956223717,8.385674775,8.649479154,8.946251077,9.023227768,9.152175645,9.472361264,9.906773218,0.297297297,0.080291971,0.044164038,0.034358047,0.025085519,0.024661893,0.020479813,0.015673981,0.012406948,0.009985735,0.008323424,0.006965174,319.5147301,319.5393697,319.575437,319.6219387,319.6819427,319.7455456,319.8179282,319.8982595,319.9833954,320.0765946,320.1678222,320.272169
0,552637.3706,3551979.115,22.54839205,19.17353842,17.36335273,17.54389129,18.76322453,20.88615103,24.01811851,26.7121068,28.69176947,30.6239351,31.65941761,32.43391944,0,0,0,0,0,0,0,0,0,0,0,0,378.5536111,378.4601966,378.3480229,378.2469396,378.1420991,378.0483007,377.9646566,377.8947174,377.8467066,377.8019553,377.7556493,377.7020559
1,554017.3706,3553659.115,8.562972269,8.201478093,9.134609947,13.94433385,20.60534911,26.41990914,30.14478135,32.50728715,34.88192662,36.42098462,37.50662223,38.21731365,0,0,0,0,0,0,0,0,0,0,0,0,408.2037123,408.201625,408.1607279,408.035913,407.8542166,407.647156,407.3749665,407.0324687,406.6139962,406.0829872,405.5239146,404.8754397
1,559177.3706,3559329.115,19.00173271,17.90434504,19.81957808,19.87672291,19.94956768,20.19628734,20.48390101,20.74769128,20.85573197,21.18278315,21.47019626,21.52501386,0,0,0,0,0,0,0,0,0,0,0,0,383.5370195,383.5370196,383.5432961,383.6011511,383.6991508,383.8112577,383.9128376,384.001843,384.0777714,384.143298,384.1919556,384.2259343
0,556417.3706,3563859.115,40.38285763,38.33321441,35.5388656,34.29940961,32.45279153,30.82158868,29.10871183,28.57084287,27.85301756,27.24764886,27.18650771,27.53546187,0.081081081,0.02189781,0.009463722,0.005424955,0.003420753,0.002386635,0.001755413,0.001343484,0.001063453,0.00085592,0.000713436,0.000597015,366.9160288,366.9892514,367.3231314,367.7435355,368.2311443,368.7100634,369.1876046,369.6545476,370.0908442,370.5138686,370.8878833,371.277081
1,559537.3706,3547029.115,2.886096995,3.016117223,4.089743553,4.308564137,4.429544107,4.415100928,4.572795668,4.70707848,4.718527254,4.744256186,4.783985456,4.88990457,0.189189189,0.051094891,0.022082019,0.019891501,0.014823261,0.010342084,0.007606788,0.005821764,0.004608295,0.003708987,0.003091558,0.002587065,314.5979532,314.6124268,314.6303684,314.6475628,314.667159,314.6863385,314.7069409,314.7296958,314.7536904,314.7802016,314.8079178,314.8416165
1,558247.3706,3547209.115,2.206948179,2.34429476,3.111989183,4.163552184,4.775214273,5.305839581,5.671715762,5.9976616,6.198668505,6.349359169,6.5337081,6.861095197,0.297297297,0.087591241,0.03785489,0.03074141,0.027366021,0.024661893,0.020479813,0.015673981,0.012406948,0.009985735,0.008323424,0.006965174,317.3525704,317.3924046,317.4513381,317.511328,317.5802763,317.6478181,317.7156018,317.7860964,317.8602635,317.9466389,318.035711,318.1392076
